-- ==========================================================
-- SI-PANDA Seed Data (Generated from data_anak.json)
-- Real data from Posyandu Kudus with Z-Score calculations
-- Generated at: 2026-01-21T23:55:21.676Z
-- ==========================================================

-- Clear existing data
DELETE FROM "pengukuran";
DELETE FROM "anak";
DELETE FROM "user";
DELETE FROM "posyandu";

-- POSYANDU
INSERT INTO "posyandu" ("posyandu_id", "nama", "tanggal_dibuat", "tanggal_diubah") VALUES
('rw01', 'Posyandu RW 01', NOW(), NOW()),
('rw02', 'Posyandu RW 02', NOW(), NOW()),
('rw03', 'Posyandu RW 03', NOW(), NOW()),
('rw04', 'Posyandu RW 04', NOW(), NOW());

-- USERS
INSERT INTO "user" ("user_id", "nama", "email", "password", "role", "posyandu_id", "tanggal_dibuat", "tanggal_diubah") VALUES
('bidan1', 'Bidan Ratna Dewi', 'bidan@kramat.desa.id', '123', 'BIDAN', NULL, NOW(), NOW()),
('kader1', 'Ibu Sumarni', 'kaderrw01@kramat.desa.id', '123', 'KADER', 'rw01', NOW(), NOW()),
('kader2', 'Ibu Darmi', 'kaderrw02@kramat.desa.id', '123', 'KADER', 'rw02', NOW(), NOW()),
('kader3', 'Ibu Tumini', 'kaderrw03@kramat.desa.id', '123', 'KADER', 'rw03', NOW(), NOW()),
('kader4', 'Ibu Lastri', 'kaderrw04@kramat.desa.id', '123', 'KADER', 'rw04', NOW(), NOW());

-- ANAK DATA (39 children)
INSERT INTO "anak" ("anak_id", "nik", "nama", "tempat_lahir", "tanggal_lahir", "jenis_kelamin", "nama_orangtua", "posyandu_id", "tanggal_dibuat", "tanggal_diubah") VALUES
('a0001', '3319000000000002', 'AL GHAZALI DIRGANTARA PURNAMA', 'Kudus', '2021-03-10', 'LAKI_LAKI', 'IDA YUSTYANI', 'rw01', NOW(), NOW()),
('a0002', '3319000000000003', 'ARCHI BIMA ARSHAKA', 'Kabupaten Kudus', '2025-04-29', 'LAKI_LAKI', 'AGNES RUBIANTI', 'rw01', NOW(), NOW()),
('a0003', '3319000000000004', 'ARDILLA CLEONA ISWARA', 'KUDUS', '2020-10-10', 'PEREMPUAN', 'IKA ZULIANA', 'rw01', NOW(), NOW()),
('a0004', '3319000000000005', 'GILANG MAULANA MUSTHOFA', 'KUDUS', '2022-05-13', 'LAKI_LAKI', 'NIA ANGGRAENI', 'rw01', NOW(), NOW()),
('a0005', '3319000000000006', 'HARIS SUSILO', 'KUDUS', '2021-10-18', 'LAKI_LAKI', 'NOOR KHALIMAH FAUZIYAH', 'rw01', NOW(), NOW()),
('a0006', '3319000000000007', 'MAULANA QOSIM AL SHIDDIQ', 'KUDUS', '2023-02-26', 'LAKI_LAKI', 'INDAH SUSANTI', 'rw01', NOW(), NOW()),
('a0007', '3319000000000008', 'MUHAMMAD HUZAIFA SHAUQI ALFARIZQI', 'KUDUS', '2023-01-28', 'LAKI_LAKI', 'HENY SETYO HARIYANI', 'rw01', NOW(), NOW()),
('a0008', '3319000000000009', 'MUHAMMAD SHARGA AFKARI', 'KUDUS', '2024-02-29', 'LAKI_LAKI', 'TINA INDAH SULEKHAH', 'rw01', NOW(), NOW()),
('a0009', '3319000000000010', 'NARASYA ADYATAMA FAHENDRA', 'KUDUS', '2025-01-21', 'LAKI_LAKI', 'MUSAROFAH', 'rw01', NOW(), NOW()),
('a0010', '3319000000000011', 'NUFAIL ALTHAF SHAQUILLE', 'Kudus', '2024-08-19', 'LAKI_LAKI', 'NOOR AINI ZAKIYAH', 'rw01', NOW(), NOW()),
('a0011', '3319000000000012', 'QUIRINO ABQARY ZAYN AJI', 'Kudus', '2022-04-04', 'LAKI_LAKI', 'TIFANI DIAHNISA HARDIANTI', 'rw01', NOW(), NOW()),
('a0012', '3319000000000013', 'ZELMIRA ALSYAMEYZEA ARASELY', 'Kudus', '2023-12-11', 'PEREMPUAN', 'LINDA SILFIA RIZKI', 'rw01', NOW(), NOW()),
('a0013', '3319000000000014', 'AZMI ALIF SYAHRIZKY', 'Kudus', '2023-05-10', 'LAKI_LAKI', 'ALAM MASITHOH PUTRI', 'rw02', NOW(), NOW()),
('a0014', '3319000000000015', 'FAHEEL FAEYZA HAMIZAN', 'Kudus', '2022-07-02', 'LAKI_LAKI', 'NOVITA', 'rw02', NOW(), NOW()),
('a0015', '3319000000000016', 'KALANDRA FAZAL TASBIHA', 'Kudus', '2020-11-24', 'LAKI_LAKI', 'DANI SEPTI HARYANI', 'rw02', NOW(), NOW()),
('a0016', '3319000000000017', 'KAVIANDRA NIRANKARA HAKIM', 'Kudus', '2025-01-02', 'LAKI_LAKI', 'DANI SEPTI HARYANI', 'rw02', NOW(), NOW()),
('a0017', '3319000000000018', 'MUHAMMAD AEZAR ELHASIQ', 'KUDUS', '2023-10-09', 'LAKI_LAKI', 'DITA APRILIA PUTRI', 'rw02', NOW(), NOW()),
('a0018', '3319000000000019', 'MUHAMMAD KEVIN YUDHISTIRA', 'Kudus', '2021-05-09', 'LAKI_LAKI', 'IDAYU PRIMAYANTI', 'rw02', NOW(), NOW()),
('a0019', '3319000000000020', 'MUHAMMAD KHALIFANO ZAVIER', 'KUDUS', '2023-05-03', 'LAKI_LAKI', 'AMITA SARI', 'rw02', NOW(), NOW()),
('a0020', '3319000000000021', 'NAZEEFA JENNAIRA AZZAHRA', 'Kudus', '2024-05-24', 'PEREMPUAN', 'NAZEEFA JENNAIRA AZZAHRA', 'rw02', NOW(), NOW()),
('a0021', '3319000000000022', 'NUR AFIYANI KHUMAIRA', 'Kudus', '2022-11-30', 'PEREMPUAN', 'ENY EMAWATI', 'rw02', NOW(), NOW()),
('a0022', '3319000000000023', 'RANAKA KEENANDRA MYLLANO', 'KUDUS', '2024-05-31', 'LAKI_LAKI', 'CHANIFAH PUTRI HANDAYANI', 'rw02', NOW(), NOW()),
('a0023', '3319000000000024', 'SYAKIR HAIDAR PRATAMA', 'KABUPATEN KUDUS', '2024-12-10', 'LAKI_LAKI', 'SILVIANA DEVIKA ASTRIDA', 'rw02', NOW(), NOW()),
('a0024', '3319000000000025', 'ARDHANI WIJAYA', 'Kudus', '2022-05-29', 'LAKI_LAKI', 'KHOLIFAH', 'rw03', NOW(), NOW()),
('a0025', '3319000000000026', 'ARSHAKA ABHIMANYU', 'Kudus', '2022-01-22', 'LAKI_LAKI', 'NADIA CHARMENITA', 'rw03', NOW(), NOW()),
('a0026', '3319000000000027', 'AYUNDHA BAYUMI GARWITA SETYARINI', 'KUDUS', '2022-12-06', 'PEREMPUAN', 'NOVANDHA CHAYATUUN NUFUS MINA ASTRI', 'rw03', NOW(), NOW()),
('a0027', '3319000000000028', 'GHINA AGHNIA ASRI', 'Kabupaten Kudus', '2022-12-01', 'PEREMPUAN', 'EMY SULASTRI', 'rw03', NOW(), NOW()),
('a0028', '3319000000000029', 'GRACE NATHANIA', 'Kudus', '2020-05-22', 'PEREMPUAN', 'STEFFANIA CHRISTANTI', 'rw03', NOW(), NOW()),
('a0029', '3319000000000030', 'HAIDAR AZKANA ZAFRAN', 'KUDUS', '2023-06-26', 'LAKI_LAKI', 'NOOR LAILIA FEBIANI', 'rw03', NOW(), NOW()),
('a0030', '3319000000000031', 'JULIAN ARFHAZ ALFARENDRA', 'Kudus', '2023-07-25', 'LAKI_LAKI', 'TRI SEPTIYANINGSIH', 'rw03', NOW(), NOW()),
('a0031', '3319000000000032', 'MUHAMMAD MUFAZZAL ARDAN ATTAQI', 'Kudus', '2022-04-11', 'LAKI_LAKI', 'ARINDA SAFITRI', 'rw03', NOW(), NOW()),
('a0032', '3319000000000033', 'MUHAMMAD RAFFASHA NALENDRA', 'Kudus', '2021-08-28', 'LAKI_LAKI', 'ELVY FARKHINA', 'rw03', NOW(), NOW()),
('a0033', '3319000000000034', 'APRILIA NUR LATIFAH', 'Kudus', '2021-08-04', 'PEREMPUAN', 'ALFINA NOOR HIDAYATUN NIKMAH', 'rw04', NOW(), NOW()),
('a0034', '3319000000000035', 'FIONA EMMANUELLA RIJANTO', 'Kudus', '2021-07-21', 'PEREMPUAN', 'FANI DWI JAYANTI', 'rw04', NOW(), NOW()),
('a0035', '3319000000000036', 'GIBRAN SAKHA YOHARA', 'Kudus', '2021-07-14', 'LAKI_LAKI', 'ENDANG SETYO DEWI', 'rw04', NOW(), NOW()),
('a0036', '3319000000000037', 'LIONY CLARISA WIJAYA', 'KUDUS', '2023-07-12', 'PEREMPUAN', 'NABILLAH ALIFA WIJAYANTI', 'rw04', NOW(), NOW()),
('a0037', '3319000000000038', 'NADA ZUNIA PUTRI', 'Kabupaten Kudus', '2024-06-13', 'PEREMPUAN', 'ALFINA NOOR HIDAYATUN NIKMAH', 'rw04', NOW(), NOW()),
('a0038', '3319000000000039', 'RAFKA EVANO KAIVANDRA', 'Kudus', '2022-05-15', 'LAKI_LAKI', 'ERMA HALIDA NOVIARINI', 'rw04', NOW(), NOW()),
('a0039', '3319000000000040', 'REVANA PUTRI RISKI', 'Kudus', '2022-07-25', 'PEREMPUAN', 'NURUL FAJARRIMA', 'rw04', NOW(), NOW());

-- PENGUKURAN DATA (637 measurements)
INSERT INTO "pengukuran" ("pengukuran_id", "anak_id", "tanggal", "berat_badan", "tinggi_badan", "usia_bulan", "z_score_bbu", "z_score_tbu", "z_score_bbtb", "tanggal_dibuat", "tanggal_diubah") VALUES
('m0001001', 'a0001', '2023-03-10', 12, 83, 24, 'Normal', 'Normal', 'Gizi Baik', NOW(), NOW()),
('m0001002', 'a0001', '2023-06-10', 12, 86, 27, 'Normal', 'Normal', 'Gizi Baik', NOW(), NOW()),
('m0001003', 'a0001', '2023-08-10', 13, 87, 29, 'Normal', 'Normal', 'Gizi Baik', NOW(), NOW()),
('m0001004', 'a0001', '2023-09-10', 13, 88, 30, 'Normal', 'Normal', 'Gizi Baik', NOW(), NOW()),
('m0001005', 'a0001', '2023-10-10', 13, 90, 31, 'Normal', 'Normal', 'Gizi Baik', NOW(), NOW()),
('m0001006', 'a0001', '2023-11-10', 12, 90, 32, 'Normal', 'Normal', 'Gizi Baik', NOW(), NOW()),
('m0001007', 'a0001', '2023-12-10', 13, 90, 33, 'Normal', 'Normal', 'Gizi Baik', NOW(), NOW()),
('m0001008', 'a0001', '2024-01-10', 13, 91, 34, 'Normal', 'Normal', 'Gizi Baik', NOW(), NOW()),
('m0001009', 'a0001', '2024-03-10', 14, 92, 36, 'Normal', 'Normal', 'Gizi Baik', NOW(), NOW()),
('m0001010', 'a0001', '2024-09-10', 14, 96, 42, 'Normal', 'Normal', 'Gizi Baik', NOW(), NOW()),
('m0001011', 'a0001', '2024-12-10', 15, 98, 45, 'Normal', 'Normal', 'Gizi Baik', NOW(), NOW()),
('m0001012', 'a0001', '2025-06-10', 17, 102, 51, 'Normal', 'Normal', 'Gizi Baik', NOW(), NOW()),
('m0002001', 'a0002', '2025-08-29', 6, 60, 4, 'Normal', 'Normal', 'Gizi Baik', NOW(), NOW()),
('m0002002', 'a0002', '2025-11-29', 7, 64, 7, 'Normal', 'Pendek', 'Gizi Baik', NOW(), NOW()),
('m0002003', 'a0002', '2025-12-29', 8, 66, 8, 'Normal', 'Pendek', 'Gizi Baik', NOW(), NOW()),
('m0003001', 'a0003', '2025-01-10', 14, 99, 51, 'Normal', 'Normal', 'Gizi Baik', NOW(), NOW()),
('m0003002', 'a0003', '2025-04-10', 14, 100, 54, 'Normal', 'Normal', 'Gizi Baik', NOW(), NOW()),
('m0003003', 'a0003', '2025-07-10', 15, 102, 57, 'Normal', 'Normal', 'Gizi Baik', NOW(), NOW()),
('m0003004', 'a0003', '2025-10-10', 15, 104, 60, 'Normal', 'Normal', 'Gizi Baik', NOW(), NOW()),
('m0004001', 'a0004', '2023-03-13', 8, 70, 10, 'Normal', 'Normal', 'Gizi Baik', NOW(), NOW()),
('m0004002', 'a0004', '2023-05-13', 9, 70, 12, 'Normal', 'Pendek', 'Gizi Baik', NOW(), NOW()),
('m0004003', 'a0004', '2023-06-13', 9, 75, 13, 'Normal', 'Normal', 'Gizi Baik', NOW(), NOW()),
('m0004004', 'a0004', '2023-07-13', 9, 75, 14, 'Normal', 'Normal', 'Gizi Baik', NOW(), NOW()),
('m0004005', 'a0004', '2023-08-13', 10, 75, 15, 'Normal', 'Normal', 'Gizi Baik', NOW(), NOW()),
('m0004006', 'a0004', '2023-09-13', 10, 77, 16, 'Normal', 'Normal', 'Gizi Baik', NOW(), NOW()),
('m0004007', 'a0004', '2023-11-13', 11, 77, 18, 'Normal', 'Normal', 'Gizi Baik', NOW(), NOW()),
('m0004008', 'a0004', '2024-02-13', 11, 80, 21, 'Normal', 'Normal', 'Gizi Baik', NOW(), NOW()),
('m0004009', 'a0004', '2024-04-13', 11, 81, 23, 'Normal', 'Normal', 'Gizi Baik', NOW(), NOW()),
('m0004010', 'a0004', '2024-05-13', 11, 81, 24, 'Normal', 'Normal', 'Gizi Baik', NOW(), NOW()),
('m0004011', 'a0004', '2024-06-13', 11, 81, 25, 'Normal', 'Pendek', 'Gizi Baik', NOW(), NOW()),
('m0004012', 'a0004', '2024-07-13', 11, 81, 26, 'Normal', 'Pendek', 'Gizi Baik', NOW(), NOW()),
('m0004013', 'a0004', '2024-08-13', 12, 83, 27, 'Normal', 'Pendek', 'Gizi Baik', NOW(), NOW()),
('m0004014', 'a0004', '2024-09-13', 12, 85, 28, 'Normal', 'Normal', 'Gizi Baik', NOW(), NOW()),
('m0004015', 'a0004', '2024-10-13', 12, 85, 29, 'Normal', 'Normal', 'Gizi Baik', NOW(), NOW()),
('m0004016', 'a0004', '2024-11-13', 12, 84, 30, 'Normal', 'Pendek', 'Gizi Baik', NOW(), NOW()),
('m0004017', 'a0004', '2025-01-13', 12, 87, 32, 'Normal', 'Normal', 'Gizi Baik', NOW(), NOW()),
('m0004018', 'a0004', '2025-05-13', 13, 90, 36, 'Normal', 'Normal', 'Gizi Baik', NOW(), NOW()),
('m0004019', 'a0004', '2025-08-13', 15, 91, 39, 'Normal', 'Normal', 'Gizi Lebih', NOW(), NOW()),
('m0004020', 'a0004', '2025-11-13', 15, 93, 42, 'Normal', 'Normal', 'Gizi Baik', NOW(), NOW()),
('m0005001', 'a0005', '2023-02-18', 11, 78, 16, 'Normal', 'Normal', 'Gizi Baik', NOW(), NOW()),
('m0005002', 'a0005', '2023-04-18', 10, 79, 18, 'Normal', 'Normal', 'Gizi Baik', NOW(), NOW()),
('m0005003', 'a0005', '2023-05-18', 11, 81, 19, 'Normal', 'Normal', 'Gizi Baik', NOW(), NOW()),
('m0005004', 'a0005', '2023-07-18', 11, 85, 21, 'Normal', 'Normal', 'Gizi Baik', NOW(), NOW()),
('m0005005', 'a0005', '2023-08-18', 11, 85, 22, 'Normal', 'Normal', 'Gizi Baik', NOW(), NOW()),
('m0005006', 'a0005', '2023-09-18', 11, 86, 23, 'Normal', 'Normal', 'Gizi Baik', NOW(), NOW()),
('m0005007', 'a0005', '2023-10-18', 12, 86, 24, 'Normal', 'Normal', 'Gizi Baik', NOW(), NOW()),
('m0005008', 'a0005', '2023-11-18', 12, 87, 25, 'Normal', 'Normal', 'Gizi Baik', NOW(), NOW()),
('m0005009', 'a0005', '2024-05-18', 12, 88, 31, 'Normal', 'Normal', 'Gizi Baik', NOW(), NOW()),
('m0005010', 'a0005', '2024-06-18', 13, 91, 32, 'Normal', 'Normal', 'Gizi Baik', NOW(), NOW()),
('m0005011', 'a0005', '2024-07-18', 13, 91, 33, 'Normal', 'Normal', 'Gizi Baik', NOW(), NOW()),
('m0005012', 'a0005', '2024-08-18', 13, 93, 34, 'Normal', 'Normal', 'Gizi Baik', NOW(), NOW()),
('m0005013', 'a0005', '2024-09-18', 13, 94, 35, 'Normal', 'Normal', 'Gizi Baik', NOW(), NOW()),
('m0005014', 'a0005', '2024-10-18', 14, 94, 36, 'Normal', 'Normal', 'Gizi Baik', NOW(), NOW()),
('m0005015', 'a0005', '2025-01-18', 14, 96, 39, 'Normal', 'Normal', 'Gizi Baik', NOW(), NOW()),
('m0005016', 'a0005', '2025-04-18', 15, 99, 42, 'Normal', 'Normal', 'Gizi Baik', NOW(), NOW()),
('m0005017', 'a0005', '2025-07-18', 15, 102, 45, 'Normal', 'Normal', 'Gizi Baik', NOW(), NOW()),
('m0006001', 'a0006', '2023-04-26', 4, 52, 2, 'BB Kurang', 'Sangat Pendek', 'Gizi Lebih', NOW(), NOW()),
('m0006002', 'a0006', '2023-05-26', 4, 55, 3, 'BB Sangat Kurang', 'Sangat Pendek', 'Gizi Kurang', NOW(), NOW()),
('m0006003', 'a0006', '2023-07-26', 5, 58, 5, 'BB Sangat Kurang', 'Sangat Pendek', 'Gizi Kurang', NOW(), NOW()),
('m0006004', 'a0006', '2023-08-26', 6, 59, 6, 'BB Kurang', 'Sangat Pendek', 'Gizi Kurang', NOW(), NOW()),
('m0006005', 'a0006', '2023-09-26', 7, 62, 7, 'Normal', 'Sangat Pendek', 'Gizi Lebih', NOW(), NOW()),
('m0006006', 'a0006', '2023-10-26', 7, 65, 8, 'Normal', 'Pendek', 'Gizi Baik', NOW(), NOW()),
('m0006007', 'a0006', '2023-11-26', 7, 65, 9, 'BB Kurang', 'Sangat Pendek', 'Gizi Kurang', NOW(), NOW()),
('m0006008', 'a0006', '2023-12-26', 7, 67, 10, 'BB Kurang', 'Pendek', 'Gizi Kurang', NOW(), NOW()),
('m0006009', 'a0006', '2024-01-26', 7, 67, 11, 'BB Kurang', 'Sangat Pendek', 'Gizi Kurang', NOW(), NOW()),
('m0006010', 'a0006', '2024-03-26', 7, 68, 13, 'BB Sangat Kurang', 'Sangat Pendek', 'Gizi Kurang', NOW(), NOW()),
('m0006011', 'a0006', '2024-04-26', 7, 68, 14, 'BB Sangat Kurang', 'Sangat Pendek', 'Gizi Kurang', NOW(), NOW()),
('m0006012', 'a0006', '2024-05-26', 7, 71, 15, 'BB Sangat Kurang', 'Sangat Pendek', 'Gizi Kurang', NOW(), NOW()),
('m0006013', 'a0006', '2024-06-26', 7, 71, 16, 'BB Sangat Kurang', 'Sangat Pendek', 'Gizi Kurang', NOW(), NOW()),
('m0006014', 'a0006', '2024-08-26', 7, 70, 18, 'BB Sangat Kurang', 'Sangat Pendek', 'Gizi Kurang', NOW(), NOW()),
('m0006015', 'a0006', '2024-09-26', 8, 70, 19, 'BB Kurang', 'Sangat Pendek', 'Gizi Kurang', NOW(), NOW()),
('m0006016', 'a0006', '2024-11-26', 8, 70, 21, 'BB Sangat Kurang', 'Sangat Pendek', 'Gizi Kurang', NOW(), NOW()),
('m0006017', 'a0006', '2024-12-26', 9, 71, 22, 'BB Kurang', 'Sangat Pendek', 'Gizi Kurang', NOW(), NOW()),
('m0006018', 'a0006', '2025-01-26', 10, 74, 23, 'Normal', 'Sangat Pendek', 'Gizi Baik', NOW(), NOW()),
('m0006019', 'a0006', '2025-04-26', 9, 75, 26, 'BB Kurang', 'Sangat Pendek', 'Gizi Kurang', NOW(), NOW()),
('m0006020', 'a0006', '2025-06-26', 9, 75, 28, 'BB Sangat Kurang', 'Sangat Pendek', 'Gizi Kurang', NOW(), NOW()),
('m0006021', 'a0006', '2025-07-26', 10, 75, 29, 'BB Kurang', 'Sangat Pendek', 'Gizi Kurang', NOW(), NOW()),
('m0006022', 'a0006', '2025-08-26', 10, 79, 30, 'BB Kurang', 'Sangat Pendek', 'Gizi Kurang', NOW(), NOW()),
('m0006023', 'a0006', '2025-09-26', 10, 80, 31, 'BB Kurang', 'Sangat Pendek', 'Gizi Kurang', NOW(), NOW()),
('m0006024', 'a0006', '2025-11-26', 10, 82, 33, 'BB Kurang', 'Sangat Pendek', 'Gizi Kurang', NOW(), NOW()),
('m0007001', 'a0007', '2023-07-28', 7, 67, 6, 'Normal', 'Normal', 'Gizi Baik', NOW(), NOW()),
('m0007002', 'a0007', '2023-08-28', 7, 67, 7, 'Normal', 'Normal', 'Gizi Baik', NOW(), NOW()),
('m0007003', 'a0007', '2023-09-28', 8, 67, 8, 'Normal', 'Normal', 'Gizi Baik', NOW(), NOW()),
('m0007004', 'a0007', '2023-10-28', 9, 70, 9, 'Normal', 'Normal', 'Gizi Baik', NOW(), NOW()),
('m0007005', 'a0007', '2023-11-28', 8, 70, 10, 'Normal', 'Normal', 'Gizi Baik', NOW(), NOW()),
('m0007006', 'a0007', '2023-12-28', 9, 71, 11, 'Normal', 'Normal', 'Gizi Baik', NOW(), NOW()),
('m0007007', 'a0007', '2024-01-28', 9, 72, 12, 'Normal', 'Normal', 'Gizi Baik', NOW(), NOW()),
('m0007008', 'a0007', '2024-03-28', 9, 75, 14, 'Normal', 'Normal', 'Gizi Baik', NOW(), NOW()),
('m0007009', 'a0007', '2024-05-28', 9, 74, 16, 'Normal', 'Pendek', 'Gizi Baik', NOW(), NOW()),
('m0007010', 'a0007', '2024-06-28', 9, 75, 17, 'Normal', 'Pendek', 'Gizi Baik', NOW(), NOW()),
('m0007011', 'a0007', '2024-07-28', 9, 75, 18, 'Normal', 'Pendek', 'Gizi Baik', NOW(), NOW()),
('m0007012', 'a0007', '2024-08-28', 10, 76, 19, 'Normal', 'Pendek', 'Gizi Baik', NOW(), NOW()),
('m0007013', 'a0007', '2024-09-28', 10, 76, 20, 'Normal', 'Pendek', 'Gizi Baik', NOW(), NOW()),
('m0007014', 'a0007', '2024-10-28', 10, 77, 21, 'Normal', 'Pendek', 'Gizi Baik', NOW(), NOW()),
('m0007015', 'a0007', '2024-11-28', 10, 79, 22, 'Normal', 'Pendek', 'Gizi Baik', NOW(), NOW()),
('m0007016', 'a0007', '2024-12-28', 11, 80, 23, 'Normal', 'Pendek', 'Gizi Baik', NOW(), NOW()),
('m0007017', 'a0007', '2025-01-28', 11, 82, 24, 'Normal', 'Normal', 'Gizi Baik', NOW(), NOW()),
('m0007018', 'a0007', '2025-02-28', 12, 82, 25, 'Normal', 'Normal', 'Gizi Baik', NOW(), NOW()),
('m0007019', 'a0007', '2025-03-28', 11, 84, 26, 'Normal', 'Normal', 'Gizi Baik', NOW(), NOW()),
('m0007020', 'a0007', '2025-04-28', 12, 85, 27, 'Normal', 'Normal', 'Gizi Baik', NOW(), NOW()),
('m0007021', 'a0007', '2025-06-28', 12, 85, 29, 'Normal', 'Normal', 'Gizi Baik', NOW(), NOW()),
('m0007022', 'a0007', '2025-07-28', 12, 87, 30, 'Normal', 'Normal', 'Gizi Baik', NOW(), NOW()),
('m0007023', 'a0007', '2025-08-28', 12, 87, 31, 'Normal', 'Normal', 'Gizi Baik', NOW(), NOW()),
('m0007024', 'a0007', '2025-09-28', 12, 87, 32, 'Normal', 'Normal', 'Gizi Baik', NOW(), NOW()),
('m0007025', 'a0007', '2025-10-28', 12, 89, 33, 'Normal', 'Normal', 'Gizi Baik', NOW(), NOW()),
('m0007026', 'a0007', '2025-11-28', 13, 89, 34, 'Normal', 'Normal', 'Gizi Baik', NOW(), NOW()),
('m0007027', 'a0007', '2025-12-28', 13, 89, 35, 'Normal', 'Normal', 'Gizi Baik', NOW(), NOW()),
('m0008001', 'a0008', '2024-05-29', 5, 60, 3, 'BB Kurang', 'Normal', 'Gizi Baik', NOW(), NOW()),
('m0008002', 'a0008', '2024-06-29', 6, 64, 4, 'Normal', 'Normal', 'Gizi Baik', NOW(), NOW()),
('m0008003', 'a0008', '2024-07-29', 6, 65, 5, 'Normal', 'Normal', 'Gizi Baik', NOW(), NOW()),
('m0008004', 'a0008', '2024-08-29', 6, 67, 6, 'BB Kurang', 'Normal', 'Gizi Baik', NOW(), NOW()),
('m0008005', 'a0008', '2024-09-29', 7, 68, 7, 'Normal', 'Normal', 'Gizi Baik', NOW(), NOW()),
('m0008006', 'a0008', '2024-10-29', 7, 71, 8, 'Normal', 'Normal', 'Gizi Baik', NOW(), NOW()),
('m0008007', 'a0008', '2024-11-29', 7, 71, 9, 'BB Kurang', 'Normal', 'Gizi Baik', NOW(), NOW()),
('m0008008', 'a0008', '2024-12-29', 8, 72, 10, 'Normal', 'Normal', 'Gizi Baik', NOW(), NOW()),
('m0008009', 'a0008', '2025-01-29', 8, 73, 11, 'Normal', 'Normal', 'Gizi Baik', NOW(), NOW()),
('m0008010', 'a0008', '2025-03-01', 8, 76, 12, 'Normal', 'Normal', 'Gizi Baik', NOW(), NOW()),
('m0008011', 'a0008', '2025-04-29', 8, 76, 14, 'BB Kurang', 'Normal', 'Gizi Baik', NOW(), NOW()),
('m0008012', 'a0008', '2025-06-29', 9, 77, 16, 'Normal', 'Normal', 'Gizi Baik', NOW(), NOW()),
('m0008013', 'a0008', '2025-07-29', 9, 78, 17, 'Normal', 'Normal', 'Gizi Baik', NOW(), NOW()),
('m0008014', 'a0008', '2025-08-29', 9, 80, 18, 'Normal', 'Normal', 'Gizi Baik', NOW(), NOW()),
('m0008015', 'a0008', '2025-09-29', 9, 80, 19, 'Normal', 'Normal', 'Gizi Baik', NOW(), NOW()),
('m0008016', 'a0008', '2025-10-29', 9, 81, 20, 'BB Kurang', 'Normal', 'Gizi Baik', NOW(), NOW()),
('m0008017', 'a0008', '2025-11-29', 9, 81, 21, 'BB Kurang', 'Normal', 'Gizi Baik', NOW(), NOW()),
('m0008018', 'a0008', '2025-12-29', 10, 83, 22, 'Normal', 'Normal', 'Gizi Baik', NOW(), NOW()),
('m0009001', 'a0009', '2025-04-21', 5, 58, 3, 'BB Kurang', 'Normal', 'Gizi Baik', NOW(), NOW()),
('m0009002', 'a0009', '2025-05-21', 6, 60, 4, 'Normal', 'Normal', 'Gizi Baik', NOW(), NOW()),
('m0009003', 'a0009', '2025-07-21', 6, 62, 6, 'BB Kurang', 'Pendek', 'Gizi Kurang', NOW(), NOW()),
('m0009004', 'a0009', '2025-08-21', 7, 67, 7, 'Normal', 'Normal', 'Gizi Baik', NOW(), NOW()),
('m0009005', 'a0009', '2025-09-21', 8, 67, 8, 'Normal', 'Normal', 'Gizi Baik', NOW(), NOW()),
('m0009006', 'a0009', '2025-10-21', 9, 69, 9, 'Normal', 'Normal', 'Gizi Baik', NOW(), NOW()),
('m0009007', 'a0009', '2025-11-21', 9, 70, 10, 'Normal', 'Normal', 'Gizi Baik', NOW(), NOW()),
('m0009008', 'a0009', '2025-12-21', 10, 75, 11, 'Normal', 'Normal', 'Gizi Baik', NOW(), NOW()),
('m0010001', 'a0010', '2024-10-19', 5, 57, 2, 'Normal', 'Normal', 'Gizi Baik', NOW(), NOW()),
('m0010002', 'a0010', '2024-11-19', 6, 61, 3, 'Normal', 'Normal', 'Gizi Baik', NOW(), NOW()),
('m0010003', 'a0010', '2025-01-19', 6, 67, 5, 'Normal', 'Normal', 'Gizi Baik', NOW(), NOW()),
('m0010004', 'a0010', '2025-04-19', 8, 70, 8, 'Normal', 'Normal', 'Gizi Baik', NOW(), NOW()),
('m0010005', 'a0010', '2025-05-19', 8, 70, 9, 'Normal', 'Normal', 'Gizi Baik', NOW(), NOW()),
('m0010006', 'a0010', '2025-06-19', 8, 71, 10, 'Normal', 'Normal', 'Gizi Baik', NOW(), NOW()),
('m0010007', 'a0010', '2025-07-19', 8, 74, 11, 'Normal', 'Normal', 'Gizi Baik', NOW(), NOW()),
('m0010008', 'a0010', '2025-08-19', 9, 76, 12, 'Normal', 'Normal', 'Gizi Baik', NOW(), NOW()),
('m0010009', 'a0010', '2025-09-19', 8, 76, 13, 'Normal', 'Normal', 'Gizi Baik', NOW(), NOW()),
('m0010010', 'a0010', '2025-11-19', 9, 76, 15, 'Normal', 'Normal', 'Gizi Baik', NOW(), NOW()),
('m0010011', 'a0010', '2025-12-19', 9, 77, 16, 'Normal', 'Normal', 'Gizi Baik', NOW(), NOW()),
('m0011001', 'a0011', '2023-03-04', 14, 76, 11, 'Risiko BB Lebih', 'Normal', 'Obesitas', NOW(), NOW()),
('m0011002', 'a0011', '2023-05-04', 12, 79, 13, 'Risiko BB Lebih', 'Normal', 'Gizi Baik', NOW(), NOW()),
('m0011003', 'a0011', '2023-06-04', 12, 80, 14, 'Risiko BB Lebih', 'Normal', 'Gizi Baik', NOW(), NOW()),
('m0011004', 'a0011', '2023-08-04', 13, 82, 16, 'Risiko BB Lebih', 'Normal', 'Gizi Lebih', NOW(), NOW()),
('m0011005', 'a0011', '2023-09-04', 13, 83, 17, 'Risiko BB Lebih', 'Normal', 'Gizi Baik', NOW(), NOW()),
('m0011006', 'a0011', '2023-10-04', 13, 83, 18, 'Risiko BB Lebih', 'Normal', 'Gizi Baik', NOW(), NOW()),
('m0011007', 'a0011', '2023-11-04', 13, 83, 19, 'Risiko BB Lebih', 'Normal', 'Gizi Baik', NOW(), NOW()),
('m0011008', 'a0011', '2023-12-04', 13, 84, 20, 'Risiko BB Lebih', 'Normal', 'Gizi Baik', NOW(), NOW()),
('m0011009', 'a0011', '2024-01-04', 13, 84, 21, 'Risiko BB Lebih', 'Normal', 'Gizi Baik', NOW(), NOW()),
('m0011010', 'a0011', '2024-02-04', 14, 86, 22, 'Risiko BB Lebih', 'Normal', 'Gizi Lebih', NOW(), NOW()),
('m0011011', 'a0011', '2024-04-04', 15, 88, 24, 'Risiko BB Lebih', 'Normal', 'Gizi Lebih', NOW(), NOW()),
('m0011012', 'a0011', '2024-05-04', 14, 89, 25, 'Risiko BB Lebih', 'Normal', 'Gizi Baik', NOW(), NOW()),
('m0011013', 'a0011', '2024-06-04', 14, 89, 26, 'Normal', 'Normal', 'Gizi Baik', NOW(), NOW()),
('m0011014', 'a0011', '2024-08-04', 15, 91, 28, 'Risiko BB Lebih', 'Normal', 'Gizi Lebih', NOW(), NOW()),
('m0011015', 'a0011', '2024-09-04', 15, 91, 29, 'Risiko BB Lebih', 'Normal', 'Gizi Lebih', NOW(), NOW()),
('m0011016', 'a0011', '2024-10-04', 16, 92, 30, 'Risiko BB Lebih', 'Normal', 'Gizi Lebih', NOW(), NOW()),
('m0011017', 'a0011', '2024-11-04', 16, 93, 31, 'Risiko BB Lebih', 'Normal', 'Gizi Baik', NOW(), NOW()),
('m0011018', 'a0011', '2024-12-04', 17, 94, 32, 'Risiko BB Lebih', 'Normal', 'Gizi Lebih', NOW(), NOW()),
('m0011019', 'a0011', '2025-01-04', 17, 94, 33, 'Risiko BB Lebih', 'Normal', 'Gizi Lebih', NOW(), NOW()),
('m0011020', 'a0011', '2025-02-04', 17, 96, 34, 'Risiko BB Lebih', 'Normal', 'Gizi Lebih', NOW(), NOW()),
('m0011021', 'a0011', '2025-04-04', 17, 97, 36, 'Risiko BB Lebih', 'Normal', 'Gizi Lebih', NOW(), NOW()),
('m0011022', 'a0011', '2025-07-04', 19, 99, 39, 'Risiko BB Lebih', 'Normal', 'Gizi Lebih', NOW(), NOW()),
('m0011023', 'a0011', '2025-10-04', 20, 102, 42, 'Risiko BB Lebih', 'Normal', 'Obesitas', NOW(), NOW()),
('m0012001', 'a0012', '2025-04-11', 8, 74, 16, 'Normal', 'Normal', 'Gizi Baik', NOW(), NOW()),
('m0012002', 'a0012', '2025-06-11', 10, 77, 18, 'Normal', 'Normal', 'Gizi Baik', NOW(), NOW()),
('m0012003', 'a0012', '2025-07-11', 10, 79, 19, 'Normal', 'Normal', 'Gizi Baik', NOW(), NOW()),
('m0012004', 'a0012', '2025-08-11', 10, 79, 20, 'Normal', 'Normal', 'Gizi Baik', NOW(), NOW()),
('m0012005', 'a0012', '2025-09-11', 11, 80, 21, 'Normal', 'Normal', 'Gizi Baik', NOW(), NOW()),
('m0012006', 'a0012', '2025-10-11', 11, 82, 22, 'Normal', 'Normal', 'Gizi Baik', NOW(), NOW()),
('m0012007', 'a0012', '2025-11-11', 11, 82, 23, 'Normal', 'Normal', 'Gizi Baik', NOW(), NOW()),
('m0013001', 'a0013', '2023-06-10', 5, 56, 1, 'Normal', 'Normal', 'Gizi Baik', NOW(), NOW()),
('m0013002', 'a0013', '2023-07-10', 6, 58, 2, 'Normal', 'Normal', 'Gizi Baik', NOW(), NOW()),
('m0013003', 'a0013', '2023-08-10', 7, 61, 3, 'Normal', 'Normal', 'Gizi Lebih', NOW(), NOW()),
('m0013004', 'a0013', '2023-09-10', 7, 64, 4, 'Normal', 'Normal', 'Gizi Baik', NOW(), NOW()),
('m0013005', 'a0013', '2023-11-10', 7, 67, 6, 'Normal', 'Normal', 'Gizi Baik', NOW(), NOW()),
('m0013006', 'a0013', '2024-04-10', 8, 70, 11, 'Normal', 'Normal', 'Gizi Baik', NOW(), NOW()),
('m0013007', 'a0013', '2024-05-10', 8, 71, 12, 'Normal', 'Normal', 'Gizi Baik', NOW(), NOW()),
('m0013008', 'a0013', '2024-07-10', 9, 73, 14, 'Normal', 'Pendek', 'Gizi Baik', NOW(), NOW()),
('m0013009', 'a0013', '2024-08-10', 9, 76, 15, 'Normal', 'Normal', 'Gizi Baik', NOW(), NOW()),
('m0013010', 'a0013', '2024-09-10', 9, 77, 16, 'Normal', 'Normal', 'Gizi Baik', NOW(), NOW()),
('m0013011', 'a0013', '2024-11-10', 10, 81, 18, 'Normal', 'Normal', 'Gizi Baik', NOW(), NOW()),
('m0013012', 'a0013', '2024-12-10', 10, 78, 19, 'Normal', 'Normal', 'Gizi Baik', NOW(), NOW()),
('m0013013', 'a0013', '2025-01-10', 10, 80, 20, 'Normal', 'Normal', 'Gizi Baik', NOW(), NOW()),
('m0013014', 'a0013', '2025-02-10', 11, 81, 21, 'Normal', 'Normal', 'Gizi Baik', NOW(), NOW()),
('m0013015', 'a0013', '2025-03-10', 10, 81, 22, 'Normal', 'Normal', 'Gizi Baik', NOW(), NOW()),
('m0013016', 'a0013', '2025-05-10', 11, 84, 24, 'Normal', 'Normal', 'Gizi Baik', NOW(), NOW()),
('m0013017', 'a0013', '2025-06-10', 11, 84, 25, 'Normal', 'Normal', 'Gizi Baik', NOW(), NOW()),
('m0013018', 'a0013', '2025-07-10', 11, 86, 26, 'Normal', 'Normal', 'Gizi Baik', NOW(), NOW()),
('m0014001', 'a0014', '2023-08-02', 8, 71, 13, 'Normal', 'Pendek', 'Gizi Baik', NOW(), NOW()),
('m0014002', 'a0014', '2023-10-02', 8, 69, 15, 'BB Kurang', 'Sangat Pendek', 'Gizi Kurang', NOW(), NOW()),
('m0014003', 'a0014', '2023-11-02', 9, 73, 16, 'Normal', 'Pendek', 'Gizi Baik', NOW(), NOW()),
('m0014004', 'a0014', '2024-01-02', 9, 75, 18, 'Normal', 'Pendek', 'Gizi Baik', NOW(), NOW()),
('m0014005', 'a0014', '2024-02-02', 9, 76, 19, 'Normal', 'Pendek', 'Gizi Baik', NOW(), NOW()),
('m0014006', 'a0014', '2024-03-02', 9, 77, 20, 'BB Kurang', 'Pendek', 'Gizi Kurang', NOW(), NOW()),
('m0014007', 'a0014', '2024-04-02', 10, 77, 21, 'Normal', 'Pendek', 'Gizi Baik', NOW(), NOW()),
('m0014008', 'a0014', '2024-05-02', 10, 79, 22, 'Normal', 'Pendek', 'Gizi Baik', NOW(), NOW()),
('m0014009', 'a0014', '2024-06-02', 10, 79, 23, 'Normal', 'Pendek', 'Gizi Baik', NOW(), NOW()),
('m0014010', 'a0014', '2024-07-02', 10, 80, 24, 'Normal', 'Pendek', 'Gizi Baik', NOW(), NOW()),
('m0014011', 'a0014', '2024-09-02', 10, 82, 26, 'Normal', 'Pendek', 'Gizi Baik', NOW(), NOW()),
('m0014012', 'a0014', '2024-10-02', 11, 83, 27, 'Normal', 'Pendek', 'Gizi Baik', NOW(), NOW()),
('m0014013', 'a0014', '2024-11-02', 11, 84, 28, 'Normal', 'Normal', 'Gizi Baik', NOW(), NOW()),
('m0014014', 'a0014', '2025-01-02', 11, 85, 30, 'Normal', 'Pendek', 'Gizi Baik', NOW(), NOW()),
('m0014015', 'a0014', '2025-02-02', 12, 87, 31, 'Normal', 'Normal', 'Gizi Baik', NOW(), NOW()),
('m0014016', 'a0014', '2025-03-02', 12, 87, 32, 'Normal', 'Normal', 'Gizi Baik', NOW(), NOW()),
('m0014017', 'a0014', '2025-04-02', 11, 88, 33, 'Normal', 'Normal', 'Gizi Baik', NOW(), NOW()),
('m0014018', 'a0014', '2025-06-02', 12, 89, 35, 'Normal', 'Normal', 'Gizi Baik', NOW(), NOW()),
('m0014019', 'a0014', '2025-07-02', 12, 90, 36, 'Normal', 'Normal', 'Gizi Baik', NOW(), NOW()),
('m0014020', 'a0014', '2025-10-02', 13, 92, 39, 'Normal', 'Normal', 'Gizi Baik', NOW(), NOW()),
('m0014021', 'a0014', '2026-01-02', 15, 93, 42, 'Normal', 'Normal', 'Gizi Baik', NOW(), NOW()),
('m0014022', 'a0014', '2026-04-02', 15, 95, 45, 'Normal', 'Normal', 'Gizi Baik', NOW(), NOW()),
('m0015001', 'a0015', '2023-02-24', 13, 91, 27, 'Normal', 'Normal', 'Gizi Baik', NOW(), NOW()),
('m0015002', 'a0015', '2023-04-24', 13, 92, 29, 'Normal', 'Normal', 'Gizi Baik', NOW(), NOW()),
('m0015003', 'a0015', '2023-05-24', 13, 96, 30, 'Normal', 'Normal', 'Gizi Baik', NOW(), NOW()),
('m0015004', 'a0015', '2023-06-24', 14, 96, 31, 'Normal', 'Normal', 'Gizi Baik', NOW(), NOW()),
('m0015005', 'a0015', '2023-07-24', 14, 97, 32, 'Normal', 'Normal', 'Gizi Baik', NOW(), NOW()),
('m0015006', 'a0015', '2023-08-24', 14, 96, 33, 'Normal', 'Normal', 'Gizi Baik', NOW(), NOW()),
('m0015007', 'a0015', '2023-09-24', 14, 98, 34, 'Normal', 'Normal', 'Gizi Baik', NOW(), NOW()),
('m0015008', 'a0015', '2023-10-24', 15, 99, 35, 'Normal', 'Normal', 'Gizi Baik', NOW(), NOW()),
('m0015009', 'a0015', '2023-11-24', 15, 99, 36, 'Normal', 'Normal', 'Gizi Baik', NOW(), NOW()),
('m0015010', 'a0015', '2024-02-24', 16, 101, 39, 'Normal', 'Normal', 'Gizi Baik', NOW(), NOW()),
('m0015011', 'a0015', '2024-05-24', 16, 105, 42, 'Normal', 'Normal', 'Gizi Baik', NOW(), NOW()),
('m0015012', 'a0015', '2024-08-24', 17, 107, 45, 'Normal', 'Normal', 'Gizi Baik', NOW(), NOW()),
('m0015013', 'a0015', '2024-11-24', 17, 108, 48, 'Normal', 'Normal', 'Gizi Baik', NOW(), NOW()),
('m0015014', 'a0015', '2025-05-24', 19, 113, 54, 'Normal', 'Normal', 'Gizi Baik', NOW(), NOW()),
('m0015015', 'a0015', '2025-08-24', 19, 113, 57, 'Normal', 'Normal', 'Gizi Baik', NOW(), NOW()),
('m0015016', 'a0015', '2025-11-24', 19, 115, 60, 'Normal', 'Normal', 'Gizi Baik', NOW(), NOW()),
('m0016001', 'a0016', '2025-03-02', 5, 62, 2, 'Normal', 'Normal', 'Gizi Baik', NOW(), NOW()),
('m0016002', 'a0016', '2025-04-02', 7, 64, 3, 'Normal', 'Normal', 'Gizi Baik', NOW(), NOW()),
('m0016003', 'a0016', '2025-05-02', 7, 66, 4, 'Normal', 'Normal', 'Gizi Baik', NOW(), NOW()),
('m0016004', 'a0016', '2025-06-02', 7, 67, 5, 'Normal', 'Normal', 'Gizi Baik', NOW(), NOW()),
('m0016005', 'a0016', '2025-07-02', 7, 67, 6, 'Normal', 'Normal', 'Gizi Baik', NOW(), NOW()),
('m0016006', 'a0016', '2025-08-02', 8, 70, 7, 'Normal', 'Normal', 'Gizi Baik', NOW(), NOW()),
('m0016007', 'a0016', '2025-09-02', 8, 70, 8, 'Normal', 'Normal', 'Gizi Baik', NOW(), NOW()),
('m0016008', 'a0016', '2025-10-02', 8, 71, 9, 'Normal', 'Normal', 'Gizi Baik', NOW(), NOW()),
('m0016009', 'a0016', '2025-11-02', 9, 75, 10, 'Normal', 'Normal', 'Gizi Baik', NOW(), NOW()),
('m0017001', 'a0017', '2023-11-09', 4, 54, 1, 'Normal', 'Normal', 'Gizi Baik', NOW(), NOW()),
('m0017002', 'a0017', '2023-12-09', 5, 61, 2, 'Normal', 'Normal', 'Gizi Baik', NOW(), NOW()),
('m0017003', 'a0017', '2024-01-09', 6, 61, 3, 'Normal', 'Normal', 'Gizi Baik', NOW(), NOW()),
('m0017004', 'a0017', '2024-02-09', 7, 63, 4, 'Normal', 'Normal', 'Gizi Baik', NOW(), NOW()),
('m0017005', 'a0017', '2024-03-09', 7, 64, 5, 'Normal', 'Normal', 'Gizi Baik', NOW(), NOW()),
('m0017006', 'a0017', '2024-05-09', 8, 69, 7, 'Normal', 'Normal', 'Gizi Baik', NOW(), NOW()),
('m0017007', 'a0017', '2024-06-09', 8, 70, 8, 'Normal', 'Normal', 'Gizi Baik', NOW(), NOW()),
('m0017008', 'a0017', '2024-07-09', 8, 70, 9, 'Normal', 'Normal', 'Gizi Baik', NOW(), NOW()),
('m0017009', 'a0017', '2024-08-09', 9, 71, 10, 'Normal', 'Normal', 'Gizi Baik', NOW(), NOW()),
('m0017010', 'a0017', '2024-09-09', 9, 73, 11, 'Normal', 'Normal', 'Gizi Baik', NOW(), NOW()),
('m0017011', 'a0017', '2024-11-09', 9, 74, 13, 'Normal', 'Normal', 'Gizi Baik', NOW(), NOW()),
('m0017012', 'a0017', '2024-12-09', 9, 75, 14, 'Normal', 'Normal', 'Gizi Baik', NOW(), NOW()),
('m0017013', 'a0017', '2025-01-09', 9, 75, 15, 'Normal', 'Normal', 'Gizi Baik', NOW(), NOW()),
('m0017014', 'a0017', '2025-02-09', 9, 78, 16, 'Normal', 'Normal', 'Gizi Baik', NOW(), NOW()),
('m0017015', 'a0017', '2025-03-09', 9, 78, 17, 'Normal', 'Normal', 'Gizi Baik', NOW(), NOW()),
('m0017016', 'a0017', '2025-05-09', 9, 78, 19, 'Normal', 'Normal', 'Gizi Baik', NOW(), NOW()),
('m0017017', 'a0017', '2025-06-09', 10, 78, 20, 'Normal', 'Pendek', 'Gizi Baik', NOW(), NOW()),
('m0017018', 'a0017', '2025-07-09', 10, 78, 21, 'Normal', 'Pendek', 'Gizi Baik', NOW(), NOW()),
('m0017019', 'a0017', '2025-08-09', 10, 84, 22, 'Normal', 'Normal', 'Gizi Baik', NOW(), NOW()),
('m0017020', 'a0017', '2025-09-09', 10, 84, 23, 'Normal', 'Normal', 'Gizi Baik', NOW(), NOW()),
('m0017021', 'a0017', '2025-10-09', 10, 84, 24, 'Normal', 'Normal', 'Gizi Baik', NOW(), NOW()),
('m0017022', 'a0017', '2025-12-09', 11, 84, 26, 'Normal', 'Normal', 'Gizi Baik', NOW(), NOW()),
('m0017023', 'a0017', '2026-01-09', 11, 86, 27, 'Normal', 'Normal', 'Gizi Baik', NOW(), NOW()),
('m0018001', 'a0018', '2022-11-09', 20, 88, 18, 'Risiko BB Lebih', 'Normal', 'Obesitas', NOW(), NOW()),
('m0018002', 'a0018', '2023-01-09', 20, 87, 20, 'Risiko BB Lebih', 'Normal', 'Obesitas', NOW(), NOW()),
('m0018003', 'a0018', '2023-02-09', 21, 94, 21, 'Risiko BB Lebih', 'Tinggi', 'Obesitas', NOW(), NOW()),
('m0018004', 'a0018', '2023-03-09', 21, 95, 22, 'Risiko BB Lebih', 'Tinggi', 'Obesitas', NOW(), NOW()),
('m0018005', 'a0018', '2023-04-09', 21, 96, 23, 'Risiko BB Lebih', 'Tinggi', 'Obesitas', NOW(), NOW()),
('m0018006', 'a0018', '2023-05-09', 25, 96, 24, 'Risiko BB Lebih', 'Normal', 'Obesitas', NOW(), NOW()),
('m0018007', 'a0018', '2023-06-09', 24, 96, 25, 'Risiko BB Lebih', 'Normal', 'Obesitas', NOW(), NOW()),
('m0018008', 'a0018', '2023-07-09', 26, 98, 26, 'Risiko BB Lebih', 'Normal', 'Obesitas', NOW(), NOW()),
('m0018009', 'a0018', '2023-08-09', 26, 99, 27, 'Risiko BB Lebih', 'Normal', 'Obesitas', NOW(), NOW()),
('m0018010', 'a0018', '2023-09-09', 26, 99, 28, 'Risiko BB Lebih', 'Normal', 'Obesitas', NOW(), NOW()),
('m0018011', 'a0018', '2023-10-09', 26, 99, 29, 'Risiko BB Lebih', 'Normal', 'Obesitas', NOW(), NOW()),
('m0018012', 'a0018', '2023-12-09', 24, 101, 31, 'Risiko BB Lebih', 'Normal', 'Obesitas', NOW(), NOW()),
('m0018013', 'a0018', '2024-03-09', 25, 103, 34, 'Risiko BB Lebih', 'Normal', 'Obesitas', NOW(), NOW()),
('m0018014', 'a0018', '2024-04-09', 25, 103, 35, 'Risiko BB Lebih', 'Normal', 'Obesitas', NOW(), NOW()),
('m0018015', 'a0018', '2024-05-09', 25, 105, 36, 'Risiko BB Lebih', 'Normal', 'Obesitas', NOW(), NOW()),
('m0018016', 'a0018', '2024-08-09', 24, 105, 39, 'Risiko BB Lebih', 'Normal', 'Obesitas', NOW(), NOW()),
('m0019001', 'a0019', '2023-07-03', 5, 61, 2, 'Normal', 'Normal', 'Gizi Baik', NOW(), NOW()),
('m0019002', 'a0019', '2023-08-03', 5, 61, 3, 'BB Kurang', 'Normal', 'Gizi Baik', NOW(), NOW()),
('m0019003', 'a0019', '2023-09-03', 5, 63, 4, 'BB Kurang', 'Normal', 'Gizi Buruk', NOW(), NOW()),
('m0019004', 'a0019', '2023-10-03', 7, 64, 5, 'Normal', 'Normal', 'Gizi Baik', NOW(), NOW()),
('m0019005', 'a0019', '2023-11-03', 6, 65, 6, 'BB Kurang', 'Normal', 'Gizi Baik', NOW(), NOW()),
('m0019006', 'a0019', '2023-12-03', 6, 67, 7, 'BB Kurang', 'Normal', 'Gizi Baik', NOW(), NOW()),
('m0019007', 'a0019', '2024-02-03', 7, 71, 9, 'BB Kurang', 'Normal', 'Gizi Baik', NOW(), NOW()),
('m0019008', 'a0019', '2024-03-03', 7, 72, 10, 'BB Kurang', 'Normal', 'Gizi Baik', NOW(), NOW()),
('m0019009', 'a0019', '2024-04-03', 7, 72, 11, 'BB Kurang', 'Normal', 'Gizi Baik', NOW(), NOW()),
('m0019010', 'a0019', '2024-06-03', 7, 71, 13, 'BB Sangat Kurang', 'Pendek', 'Gizi Kurang', NOW(), NOW()),
('m0019011', 'a0019', '2024-07-03', 8, 73, 14, 'BB Kurang', 'Pendek', 'Gizi Kurang', NOW(), NOW()),
('m0019012', 'a0019', '2024-08-03', 8, 74, 15, 'BB Kurang', 'Pendek', 'Gizi Kurang', NOW(), NOW()),
('m0019013', 'a0019', '2024-09-03', 8, 74, 16, 'BB Kurang', 'Pendek', 'Gizi Kurang', NOW(), NOW()),
('m0019014', 'a0019', '2024-10-03', 8, 75, 17, 'BB Kurang', 'Pendek', 'Gizi Kurang', NOW(), NOW()),
('m0019015', 'a0019', '2024-11-03', 8, 76, 18, 'BB Kurang', 'Pendek', 'Gizi Kurang', NOW(), NOW()),
('m0019016', 'a0019', '2024-12-03', 9, 77, 19, 'Normal', 'Pendek', 'Gizi Baik', NOW(), NOW()),
('m0019017', 'a0019', '2025-01-03', 8, 78, 20, 'BB Sangat Kurang', 'Pendek', 'Gizi Buruk', NOW(), NOW()),
('m0019018', 'a0019', '2025-02-03', 9, 79, 21, 'BB Kurang', 'Pendek', 'Gizi Kurang', NOW(), NOW()),
('m0019019', 'a0019', '2025-03-03', 9, 81, 22, 'BB Kurang', 'Normal', 'Gizi Baik', NOW(), NOW()),
('m0019020', 'a0019', '2025-04-03', 9, 82, 23, 'BB Kurang', 'Normal', 'Gizi Baik', NOW(), NOW()),
('m0019021', 'a0019', '2025-06-03', 10, 84, 25, 'Normal', 'Normal', 'Gizi Baik', NOW(), NOW()),
('m0019022', 'a0019', '2025-07-03', 10, 84, 26, 'Normal', 'Normal', 'Gizi Baik', NOW(), NOW()),
('m0019023', 'a0019', '2025-08-03', 10, 85, 27, 'BB Kurang', 'Normal', 'Gizi Baik', NOW(), NOW()),
('m0019024', 'a0019', '2025-09-03', 10, 86, 28, 'BB Kurang', 'Normal', 'Gizi Baik', NOW(), NOW()),
('m0019025', 'a0019', '2025-10-03', 10, 87, 29, 'BB Kurang', 'Normal', 'Gizi Baik', NOW(), NOW()),
('m0019026', 'a0019', '2025-11-03', 10, 88, 30, 'BB Kurang', 'Normal', 'Gizi Kurang', NOW(), NOW()),
('m0019027', 'a0019', '2025-12-03', 10, 89, 31, 'BB Kurang', 'Normal', 'Gizi Kurang', NOW(), NOW()),
('m0019028', 'a0019', '2026-01-03', 10, 90, 32, 'BB Kurang', 'Normal', 'Gizi Kurang', NOW(), NOW()),
('m0019029', 'a0019', '2026-02-03', 10, 90, 33, 'BB Kurang', 'Normal', 'Gizi Kurang', NOW(), NOW()),
('m0020001', 'a0020', '2025-01-24', 8, 68, 8, 'Normal', 'Normal', 'Gizi Baik', NOW(), NOW()),
('m0020002', 'a0020', '2025-05-24', 8, 68, 12, 'Normal', 'Pendek', 'Gizi Baik', NOW(), NOW()),
('m0020003', 'a0020', '2025-06-24', 9, 71, 13, 'Normal', 'Normal', 'Gizi Baik', NOW(), NOW()),
('m0020004', 'a0020', '2025-07-24', 8, 71, 14, 'Normal', 'Pendek', 'Gizi Baik', NOW(), NOW()),
('m0020005', 'a0020', '2025-10-24', 9, 72, 17, 'Normal', 'Pendek', 'Gizi Baik', NOW(), NOW()),
('m0020006', 'a0020', '2025-11-24', 9, 74, 18, 'Normal', 'Pendek', 'Gizi Baik', NOW(), NOW()),
('m0020007', 'a0020', '2025-12-24', 9, 75, 19, 'Normal', 'Pendek', 'Gizi Baik', NOW(), NOW()),
('m0021001', 'a0021', '2023-01-30', 4, 56, 2, 'Normal', 'Normal', 'Gizi Baik', NOW(), NOW()),
('m0021002', 'a0021', '2023-03-02', 5, 63, 3, 'Normal', 'Normal', 'Gizi Buruk', NOW(), NOW()),
('m0021003', 'a0021', '2023-03-30', 6, 63, 4, 'Normal', 'Normal', 'Gizi Baik', NOW(), NOW()),
('m0021004', 'a0021', '2023-05-30', 7, 64, 6, 'Normal', 'Normal', 'Gizi Baik', NOW(), NOW()),
('m0021005', 'a0021', '2023-06-30', 7, 68, 7, 'Normal', 'Normal', 'Gizi Baik', NOW(), NOW()),
('m0021006', 'a0021', '2023-07-30', 7, 69, 8, 'Normal', 'Normal', 'Gizi Baik', NOW(), NOW()),
('m0021007', 'a0021', '2023-08-30', 7, 69, 9, 'Normal', 'Normal', 'Gizi Baik', NOW(), NOW()),
('m0021008', 'a0021', '2023-09-30', 7, 70, 10, 'Normal', 'Normal', 'Gizi Baik', NOW(), NOW()),
('m0021009', 'a0021', '2023-10-30', 7, 71, 11, 'Normal', 'Normal', 'Gizi Baik', NOW(), NOW()),
('m0021010', 'a0021', '2023-11-30', 7, 73, 12, 'BB Kurang', 'Normal', 'Gizi Kurang', NOW(), NOW()),
('m0021011', 'a0021', '2023-12-30', 7, 73, 13, 'BB Kurang', 'Normal', 'Gizi Kurang', NOW(), NOW()),
('m0021012', 'a0021', '2024-01-30', 7, 73, 14, 'BB Kurang', 'Normal', 'Gizi Kurang', NOW(), NOW()),
('m0021013', 'a0021', '2024-03-01', 8, 70, 15, 'Normal', 'Pendek', 'Gizi Baik', NOW(), NOW()),
('m0021014', 'a0021', '2024-03-30', 8, 73, 16, 'Normal', 'Pendek', 'Gizi Baik', NOW(), NOW()),
('m0021015', 'a0021', '2024-04-30', 8, 73, 17, 'Normal', 'Pendek', 'Gizi Baik', NOW(), NOW()),
('m0021016', 'a0021', '2024-05-30', 8, 74, 18, 'BB Kurang', 'Pendek', 'Gizi Kurang', NOW(), NOW()),
('m0021017', 'a0021', '2024-06-30', 8, 75, 19, 'BB Kurang', 'Pendek', 'Gizi Kurang', NOW(), NOW()),
('m0021018', 'a0021', '2024-07-30', 9, 76, 20, 'Normal', 'Pendek', 'Gizi Baik', NOW(), NOW()),
('m0021019', 'a0021', '2024-08-30', 9, 77, 21, 'Normal', 'Pendek', 'Gizi Baik', NOW(), NOW()),
('m0021020', 'a0021', '2024-09-30', 9, 77, 22, 'Normal', 'Pendek', 'Gizi Baik', NOW(), NOW()),
('m0021021', 'a0021', '2024-10-30', 9, 78, 23, 'Normal', 'Pendek', 'Gizi Baik', NOW(), NOW()),
('m0021022', 'a0021', '2024-11-30', 10, 80, 24, 'Normal', 'Normal', 'Gizi Baik', NOW(), NOW()),
('m0021023', 'a0021', '2024-12-30', 10, 81, 25, 'Normal', 'Normal', 'Gizi Baik', NOW(), NOW()),
('m0021024', 'a0021', '2025-01-30', 10, 82, 26, 'Normal', 'Normal', 'Gizi Baik', NOW(), NOW()),
('m0021025', 'a0021', '2025-03-02', 11, 82, 27, 'Normal', 'Normal', 'Gizi Baik', NOW(), NOW()),
('m0021026', 'a0021', '2025-04-30', 12, 85, 29, 'Normal', 'Normal', 'Gizi Baik', NOW(), NOW()),
('m0021027', 'a0021', '2025-05-30', 12, 85, 30, 'Normal', 'Normal', 'Gizi Baik', NOW(), NOW()),
('m0021028', 'a0021', '2025-06-30', 12, 86, 31, 'Normal', 'Normal', 'Gizi Baik', NOW(), NOW()),
('m0021029', 'a0021', '2025-07-30', 12, 87, 32, 'Normal', 'Normal', 'Gizi Baik', NOW(), NOW()),
('m0021030', 'a0021', '2025-08-30', 13, 88, 33, 'Normal', 'Normal', 'Gizi Baik', NOW(), NOW()),
('m0021031', 'a0021', '2025-09-30', 13, 89, 34, 'Normal', 'Normal', 'Gizi Baik', NOW(), NOW()),
('m0021032', 'a0021', '2025-10-30', 13, 90, 35, 'Normal', 'Normal', 'Gizi Baik', NOW(), NOW()),
('m0021033', 'a0021', '2025-11-30', 13, 91, 36, 'Normal', 'Normal', 'Gizi Baik', NOW(), NOW()),
('m0022001', 'a0022', '2024-07-01', 3, 51, 1, 'BB Kurang', 'Normal', 'Gizi Baik', NOW(), NOW()),
('m0022002', 'a0022', '2024-07-31', 5, 56, 2, 'Normal', 'Normal', 'Gizi Baik', NOW(), NOW()),
('m0022003', 'a0022', '2024-08-31', 5, 58, 3, 'BB Kurang', 'Normal', 'Gizi Baik', NOW(), NOW()),
('m0022004', 'a0022', '2024-10-01', 6, 62, 4, 'Normal', 'Normal', 'Gizi Baik', NOW(), NOW()),
('m0022005', 'a0022', '2024-10-31', 6, 63, 5, 'Normal', 'Normal', 'Gizi Baik', NOW(), NOW()),
('m0022006', 'a0022', '2024-12-01', 6, 64, 6, 'BB Kurang', 'Normal', 'Gizi Baik', NOW(), NOW()),
('m0022007', 'a0022', '2024-12-31', 6, 64, 7, 'BB Kurang', 'Pendek', 'Gizi Kurang', NOW(), NOW()),
('m0022008', 'a0022', '2025-01-31', 7, 68, 8, 'Normal', 'Normal', 'Gizi Baik', NOW(), NOW()),
('m0022009', 'a0022', '2025-03-03', 7, 69, 9, 'BB Kurang', 'Normal', 'Gizi Baik', NOW(), NOW()),
('m0022010', 'a0022', '2025-05-01', 7, 70, 11, 'BB Kurang', 'Normal', 'Gizi Baik', NOW(), NOW()),
('m0022011', 'a0022', '2025-05-31', 8, 70, 12, 'Normal', 'Pendek', 'Gizi Baik', NOW(), NOW()),
('m0022012', 'a0022', '2025-07-31', 8, 70, 14, 'BB Kurang', 'Sangat Pendek', 'Gizi Kurang', NOW(), NOW()),
('m0022013', 'a0022', '2025-08-31', 8, 73, 15, 'BB Kurang', 'Pendek', 'Gizi Kurang', NOW(), NOW()),
('m0022014', 'a0022', '2025-10-01', 8, 73, 16, 'BB Kurang', 'Pendek', 'Gizi Kurang', NOW(), NOW()),
('m0022015', 'a0022', '2025-10-31', 9, 73, 17, 'Normal', 'Sangat Pendek', 'Gizi Baik', NOW(), NOW()),
('m0022016', 'a0022', '2025-12-01', 9, 73, 18, 'Normal', 'Sangat Pendek', 'Gizi Baik', NOW(), NOW()),
('m0022017', 'a0022', '2025-12-31', 9, 77, 19, 'Normal', 'Pendek', 'Gizi Baik', NOW(), NOW()),
('m0023001', 'a0023', '2025-01-10', 5, 56, 1, 'Normal', 'Normal', 'Gizi Baik', NOW(), NOW()),
('m0023002', 'a0023', '2025-02-10', 7, 63, 2, 'Risiko BB Lebih', 'Normal', 'Gizi Baik', NOW(), NOW()),
('m0023003', 'a0023', '2025-04-10', 8, 64, 4, 'Risiko BB Lebih', 'Normal', 'Gizi Baik', NOW(), NOW()),
('m0023004', 'a0023', '2025-05-10', 9, 64, 5, 'Risiko BB Lebih', 'Normal', 'Obesitas', NOW(), NOW()),
('m0023005', 'a0023', '2025-06-10', 9, 64, 6, 'Risiko BB Lebih', 'Normal', 'Obesitas', NOW(), NOW()),
('m0023006', 'a0023', '2025-07-10', 9, 68, 7, 'Normal', 'Normal', 'Gizi Baik', NOW(), NOW()),
('m0023007', 'a0023', '2025-08-10', 9, 72, 8, 'Normal', 'Normal', 'Gizi Baik', NOW(), NOW()),
('m0023008', 'a0023', '2025-09-10', 9, 72, 9, 'Normal', 'Normal', 'Gizi Baik', NOW(), NOW()),
('m0023009', 'a0023', '2025-10-10', 9, 72, 10, 'Normal', 'Normal', 'Gizi Baik', NOW(), NOW()),
('m0023010', 'a0023', '2025-11-10', 9, 73, 11, 'Normal', 'Normal', 'Gizi Baik', NOW(), NOW()),
('m0023011', 'a0023', '2025-12-10', 9, 76, 12, 'Normal', 'Normal', 'Gizi Baik', NOW(), NOW()),
('m0024001', 'a0024', '2023-01-29', 8, 68, 8, 'Normal', 'Normal', 'Gizi Baik', NOW(), NOW()),
('m0024002', 'a0024', '2023-03-29', 8, 71, 10, 'Normal', 'Normal', 'Gizi Baik', NOW(), NOW()),
('m0024003', 'a0024', '2023-04-29', 9, 73, 11, 'Normal', 'Normal', 'Gizi Baik', NOW(), NOW()),
('m0024004', 'a0024', '2023-05-29', 9, 73, 12, 'Normal', 'Normal', 'Gizi Baik', NOW(), NOW()),
('m0024005', 'a0024', '2023-07-29', 9, 73, 14, 'Normal', 'Pendek', 'Gizi Baik', NOW(), NOW()),
('m0024006', 'a0024', '2023-09-29', 9, 78, 16, 'Normal', 'Normal', 'Gizi Baik', NOW(), NOW()),
('m0024007', 'a0024', '2023-10-29', 9, 78, 17, 'Normal', 'Normal', 'Gizi Baik', NOW(), NOW()),
('m0024008', 'a0024', '2023-11-29', 9, 78, 18, 'Normal', 'Normal', 'Gizi Baik', NOW(), NOW()),
('m0024009', 'a0024', '2023-12-29', 10, 78, 19, 'Normal', 'Normal', 'Gizi Baik', NOW(), NOW()),
('m0024010', 'a0024', '2024-01-29', 10, 80, 20, 'Normal', 'Normal', 'Gizi Baik', NOW(), NOW()),
('m0024011', 'a0024', '2024-02-29', 10, 80, 21, 'Normal', 'Normal', 'Gizi Baik', NOW(), NOW()),
('m0024012', 'a0024', '2024-03-29', 10, 81, 22, 'Normal', 'Normal', 'Gizi Baik', NOW(), NOW()),
('m0024013', 'a0024', '2024-05-29', 11, 82, 24, 'Normal', 'Normal', 'Gizi Baik', NOW(), NOW()),
('m0024014', 'a0024', '2024-06-29', 11, 84, 25, 'Normal', 'Normal', 'Gizi Baik', NOW(), NOW()),
('m0024015', 'a0024', '2024-07-29', 11, 85, 26, 'Normal', 'Normal', 'Gizi Baik', NOW(), NOW()),
('m0024016', 'a0024', '2024-08-29', 12, 85, 27, 'Normal', 'Normal', 'Gizi Baik', NOW(), NOW()),
('m0024017', 'a0024', '2024-09-29', 11, 85, 28, 'Normal', 'Normal', 'Gizi Baik', NOW(), NOW()),
('m0024018', 'a0024', '2024-10-29', 12, 85, 29, 'Normal', 'Normal', 'Gizi Baik', NOW(), NOW()),
('m0024019', 'a0024', '2024-11-29', 13, 87, 30, 'Normal', 'Normal', 'Gizi Baik', NOW(), NOW()),
('m0024020', 'a0024', '2025-03-01', 12, 88, 33, 'Normal', 'Normal', 'Gizi Baik', NOW(), NOW()),
('m0024021', 'a0024', '2025-04-29', 12, 89, 35, 'Normal', 'Normal', 'Gizi Baik', NOW(), NOW()),
('m0024022', 'a0024', '2025-05-29', 12, 90, 36, 'Normal', 'Normal', 'Gizi Baik', NOW(), NOW()),
('m0024023', 'a0024', '2025-08-29', 12, 90, 39, 'Normal', 'Pendek', 'Gizi Baik', NOW(), NOW()),
('m0024024', 'a0024', '2025-11-29', 13, 92, 42, 'Normal', 'Normal', 'Gizi Baik', NOW(), NOW()),
('m0025001', 'a0025', '2023-02-22', 8, 74, 13, 'Normal', 'Normal', 'Gizi Baik', NOW(), NOW()),
('m0025002', 'a0025', '2023-03-22', 8, 76, 14, 'BB Kurang', 'Normal', 'Gizi Baik', NOW(), NOW()),
('m0025003', 'a0025', '2023-05-22', 9, 76, 16, 'Normal', 'Normal', 'Gizi Baik', NOW(), NOW()),
('m0025004', 'a0025', '2023-06-22', 9, 76, 17, 'Normal', 'Normal', 'Gizi Baik', NOW(), NOW()),
('m0025005', 'a0025', '2023-07-22', 9, 76, 18, 'Normal', 'Pendek', 'Gizi Baik', NOW(), NOW()),
('m0025006', 'a0025', '2023-08-22', 9, 78, 19, 'Normal', 'Normal', 'Gizi Baik', NOW(), NOW()),
('m0025007', 'a0025', '2023-10-22', 9, 78, 21, 'BB Kurang', 'Pendek', 'Gizi Kurang', NOW(), NOW()),
('m0025008', 'a0025', '2023-11-22', 9, 79, 22, 'BB Kurang', 'Pendek', 'Gizi Kurang', NOW(), NOW()),
('m0025009', 'a0025', '2023-12-22', 9, 80, 23, 'BB Kurang', 'Pendek', 'Gizi Kurang', NOW(), NOW()),
('m0025010', 'a0025', '2024-01-22', 10, 81, 24, 'Normal', 'Normal', 'Gizi Baik', NOW(), NOW()),
('m0025011', 'a0025', '2024-08-22', 10, 87, 31, 'BB Kurang', 'Normal', 'Gizi Baik', NOW(), NOW()),
('m0025012', 'a0025', '2024-10-22', 10, 87, 33, 'BB Kurang', 'Normal', 'Gizi Baik', NOW(), NOW()),
('m0025013', 'a0025', '2024-11-22', 10, 87, 34, 'BB Kurang', 'Pendek', 'Gizi Kurang', NOW(), NOW()),
('m0025014', 'a0025', '2024-12-22', 11, 88, 35, 'BB Kurang', 'Pendek', 'Gizi Kurang', NOW(), NOW()),
('m0025015', 'a0025', '2025-01-22', 11, 91, 36, 'BB Kurang', 'Normal', 'Gizi Baik', NOW(), NOW()),
('m0025016', 'a0025', '2025-07-22', 11, 91, 42, 'BB Kurang', 'Pendek', 'Gizi Kurang', NOW(), NOW()),
('m0025017', 'a0025', '2025-10-22', 13, 95, 45, 'Normal', 'Normal', 'Gizi Baik', NOW(), NOW()),
('m0026001', 'a0026', '2023-07-06', 8, 65, 7, 'Normal', 'Normal', 'Gizi Lebih', NOW(), NOW()),
('m0026002', 'a0026', '2023-08-06', 8, 68, 8, 'Normal', 'Normal', 'Gizi Baik', NOW(), NOW()),
('m0026003', 'a0026', '2023-09-06', 8, 70, 9, 'Normal', 'Normal', 'Gizi Baik', NOW(), NOW()),
('m0026004', 'a0026', '2023-11-06', 9, 71, 11, 'Normal', 'Normal', 'Gizi Baik', NOW(), NOW()),
('m0026005', 'a0026', '2023-12-06', 9, 72, 12, 'Normal', 'Normal', 'Gizi Baik', NOW(), NOW()),
('m0026006', 'a0026', '2024-01-06', 9, 72, 13, 'Normal', 'Normal', 'Gizi Baik', NOW(), NOW()),
('m0026007', 'a0026', '2024-02-06', 9, 72, 14, 'Normal', 'Normal', 'Gizi Baik', NOW(), NOW()),
('m0026008', 'a0026', '2024-03-06', 10, 74, 15, 'Normal', 'Normal', 'Gizi Baik', NOW(), NOW()),
('m0026009', 'a0026', '2024-04-06', 9, 75, 16, 'Normal', 'Normal', 'Gizi Baik', NOW(), NOW()),
('m0026010', 'a0026', '2024-05-06', 10, 75, 17, 'Normal', 'Normal', 'Gizi Baik', NOW(), NOW()),
('m0026011', 'a0026', '2024-07-06', 10, 75, 19, 'Normal', 'Pendek', 'Gizi Baik', NOW(), NOW()),
('m0026012', 'a0026', '2024-08-06', 10, 77, 20, 'Normal', 'Normal', 'Gizi Baik', NOW(), NOW()),
('m0026013', 'a0026', '2024-10-06', 10, 80, 22, 'Normal', 'Normal', 'Gizi Baik', NOW(), NOW()),
('m0026014', 'a0026', '2024-11-06', 10, 81, 23, 'Normal', 'Normal', 'Gizi Baik', NOW(), NOW()),
('m0026015', 'a0026', '2024-12-06', 11, 83, 24, 'Normal', 'Normal', 'Gizi Baik', NOW(), NOW()),
('m0026016', 'a0026', '2025-01-06', 11, 84, 25, 'Normal', 'Normal', 'Gizi Baik', NOW(), NOW()),
('m0026017', 'a0026', '2025-03-06', 11, 85, 27, 'Normal', 'Normal', 'Gizi Baik', NOW(), NOW()),
('m0026018', 'a0026', '2025-04-06', 11, 85, 28, 'Normal', 'Normal', 'Gizi Baik', NOW(), NOW()),
('m0026019', 'a0026', '2025-07-06', 12, 87, 31, 'Normal', 'Normal', 'Gizi Baik', NOW(), NOW()),
('m0026020', 'a0026', '2025-11-06', 12, 87, 35, 'Normal', 'Normal', 'Gizi Baik', NOW(), NOW()),
('m0026021', 'a0026', '2025-12-06', 12, 91, 36, 'Normal', 'Normal', 'Gizi Baik', NOW(), NOW()),
('m0026022', 'a0026', '2026-06-06', 13, 94, 42, 'Normal', 'Normal', 'Gizi Baik', NOW(), NOW()),
('m0027001', 'a0027', '2023-12-01', 9, 76, 12, 'Normal', 'Normal', 'Gizi Baik', NOW(), NOW()),
('m0027002', 'a0027', '2024-01-01', 9, 77, 13, 'Normal', 'Normal', 'Gizi Baik', NOW(), NOW()),
('m0027003', 'a0027', '2024-02-01', 9, 77, 14, 'Normal', 'Normal', 'Gizi Baik', NOW(), NOW()),
('m0027004', 'a0027', '2024-04-01', 10, 76, 16, 'Normal', 'Normal', 'Gizi Baik', NOW(), NOW()),
('m0027005', 'a0027', '2024-05-01', 10, 77, 17, 'Normal', 'Normal', 'Gizi Baik', NOW(), NOW()),
('m0027006', 'a0027', '2024-06-01', 11, 78, 18, 'Normal', 'Normal', 'Gizi Baik', NOW(), NOW()),
('m0027007', 'a0027', '2024-07-01', 11, 79, 19, 'Normal', 'Normal', 'Gizi Baik', NOW(), NOW()),
('m0027008', 'a0027', '2024-08-01', 11, 79, 20, 'Normal', 'Normal', 'Gizi Baik', NOW(), NOW()),
('m0027009', 'a0027', '2024-09-01', 12, 80, 21, 'Normal', 'Normal', 'Gizi Lebih', NOW(), NOW()),
('m0027010', 'a0027', '2024-10-01', 12, 81, 22, 'Normal', 'Normal', 'Gizi Lebih', NOW(), NOW()),
('m0027011', 'a0027', '2024-12-01', 13, 83, 24, 'Normal', 'Normal', 'Gizi Baik', NOW(), NOW()),
('m0027012', 'a0027', '2025-01-01', 13, 85, 25, 'Normal', 'Normal', 'Gizi Baik', NOW(), NOW()),
('m0027013', 'a0027', '2025-04-01', 13, 87, 28, 'Normal', 'Normal', 'Gizi Baik', NOW(), NOW()),
('m0027014', 'a0027', '2025-06-01', 14, 88, 30, 'Normal', 'Normal', 'Gizi Baik', NOW(), NOW()),
('m0027015', 'a0027', '2025-07-01', 13, 89, 31, 'Normal', 'Normal', 'Gizi Baik', NOW(), NOW()),
('m0027016', 'a0027', '2025-08-01', 13, 90, 32, 'Normal', 'Normal', 'Gizi Baik', NOW(), NOW()),
('m0027017', 'a0027', '2025-09-01', 14, 90, 33, 'Normal', 'Normal', 'Gizi Baik', NOW(), NOW()),
('m0027018', 'a0027', '2025-12-01', 15, 92, 36, 'Normal', 'Normal', 'Gizi Lebih', NOW(), NOW()),
('m0027019', 'a0027', '2026-03-01', 15, 94, 39, 'Normal', 'Normal', 'Gizi Baik', NOW(), NOW()),
('m0027020', 'a0027', '2026-06-01', 16, 96, 42, 'Normal', 'Normal', 'Gizi Baik', NOW(), NOW()),
('m0028001', 'a0028', '2023-02-22', 16, 97, 33, 'Risiko BB Lebih', 'Normal', 'Gizi Baik', NOW(), NOW()),
('m0028002', 'a0028', '2023-03-22', 15, 97, 34, 'Normal', 'Normal', 'Gizi Baik', NOW(), NOW()),
('m0028003', 'a0028', '2023-05-22', 16, 97, 36, 'Risiko BB Lebih', 'Normal', 'Gizi Baik', NOW(), NOW()),
('m0028004', 'a0028', '2023-08-22', 17, 98, 39, 'Risiko BB Lebih', 'Normal', 'Gizi Baik', NOW(), NOW()),
('m0028005', 'a0028', '2023-11-22', 17, 103, 42, 'Normal', 'Normal', 'Gizi Baik', NOW(), NOW()),
('m0028006', 'a0028', '2024-02-22', 17, 105, 45, 'Normal', 'Normal', 'Gizi Baik', NOW(), NOW()),
('m0028007', 'a0028', '2024-05-22', 18, 105, 48, 'Normal', 'Normal', 'Gizi Baik', NOW(), NOW()),
('m0028008', 'a0028', '2024-08-22', 17, 107, 51, 'Normal', 'Normal', 'Gizi Baik', NOW(), NOW()),
('m0028009', 'a0028', '2025-02-22', 18, 110, 57, 'Normal', 'Normal', 'Gizi Baik', NOW(), NOW()),
('m0029001', 'a0029', '2023-07-26', 3, 48, 1, 'BB Kurang', 'Sangat Pendek', 'Gizi Kurang', NOW(), NOW()),
('m0029002', 'a0029', '2023-08-26', 4, 55, 2, 'BB Kurang', 'Normal', 'Gizi Baik', NOW(), NOW()),
('m0029003', 'a0029', '2023-09-26', 4, 59, 3, 'BB Sangat Kurang', 'Normal', 'Gizi Buruk', NOW(), NOW()),
('m0029004', 'a0029', '2023-10-26', 5, 59, 4, 'BB Kurang', 'Pendek', 'Gizi Kurang', NOW(), NOW()),
('m0029005', 'a0029', '2023-11-26', 5, 65, 5, 'BB Sangat Kurang', 'Normal', 'Gizi Buruk', NOW(), NOW()),
('m0029006', 'a0029', '2023-12-26', 5, 67, 6, 'BB Sangat Kurang', 'Normal', 'Gizi Buruk', NOW(), NOW()),
('m0029007', 'a0029', '2024-01-26', 6, 68, 7, 'BB Kurang', 'Normal', 'Gizi Buruk', NOW(), NOW()),
('m0029008', 'a0029', '2024-02-26', 6, 68, 8, 'BB Sangat Kurang', 'Normal', 'Gizi Buruk', NOW(), NOW()),
('m0029009', 'a0029', '2024-05-26', 7, 72, 11, 'BB Kurang', 'Normal', 'Gizi Baik', NOW(), NOW()),
('m0029010', 'a0029', '2024-06-26', 7, 72, 12, 'BB Kurang', 'Normal', 'Gizi Baik', NOW(), NOW()),
('m0029011', 'a0029', '2024-07-26', 9, 76, 13, 'Normal', 'Normal', 'Gizi Baik', NOW(), NOW()),
('m0029012', 'a0029', '2024-12-26', 8, 78, 18, 'BB Kurang', 'Normal', 'Gizi Buruk', NOW(), NOW()),
('m0029013', 'a0029', '2025-01-26', 10, 78, 19, 'Normal', 'Normal', 'Gizi Baik', NOW(), NOW()),
('m0029014', 'a0029', '2025-02-26', 10, 83, 20, 'Normal', 'Normal', 'Gizi Baik', NOW(), NOW()),
('m0029015', 'a0029', '2025-06-26', 11, 85, 24, 'Normal', 'Normal', 'Gizi Baik', NOW(), NOW()),
('m0029016', 'a0029', '2025-09-26', 12, 88, 27, 'Normal', 'Normal', 'Gizi Baik', NOW(), NOW()),
('m0029017', 'a0029', '2025-11-26', 12, 88, 29, 'Normal', 'Normal', 'Gizi Baik', NOW(), NOW()),
('m0029018', 'a0029', '2025-12-26', 12, 88, 30, 'Normal', 'Normal', 'Gizi Baik', NOW(), NOW()),
('m0030001', 'a0030', '2025-05-25', 11, 82, 22, 'Normal', 'Normal', 'Gizi Baik', NOW(), NOW()),
('m0030002', 'a0030', '2025-06-25', 12, 83, 23, 'Normal', 'Normal', 'Gizi Baik', NOW(), NOW()),
('m0030003', 'a0030', '2025-07-25', 12, 84, 24, 'Normal', 'Normal', 'Gizi Baik', NOW(), NOW()),
('m0030004', 'a0030', '2025-08-25', 12, 84, 25, 'Normal', 'Normal', 'Gizi Baik', NOW(), NOW()),
('m0030005', 'a0030', '2025-09-25', 12, 87, 26, 'Normal', 'Normal', 'Gizi Baik', NOW(), NOW()),
('m0030006', 'a0030', '2025-10-25', 12, 88, 27, 'Normal', 'Normal', 'Gizi Baik', NOW(), NOW()),
('m0030007', 'a0030', '2025-11-25', 12, 90, 28, 'Normal', 'Normal', 'Gizi Baik', NOW(), NOW()),
('m0030008', 'a0030', '2025-12-25', 12, 90, 29, 'Normal', 'Normal', 'Gizi Baik', NOW(), NOW()),
('m0031001', 'a0031', '2022-06-11', 7, 61, 2, 'Risiko BB Lebih', 'Normal', 'Gizi Lebih', NOW(), NOW()),
('m0031002', 'a0031', '2022-07-11', 8, 65, 3, 'Risiko BB Lebih', 'Normal', 'Gizi Baik', NOW(), NOW()),
('m0031003', 'a0031', '2022-08-11', 8, 68, 4, 'Risiko BB Lebih', 'Normal', 'Gizi Baik', NOW(), NOW()),
('m0031004', 'a0031', '2022-10-11', 10, 71, 6, 'Risiko BB Lebih', 'Normal', 'Gizi Lebih', NOW(), NOW()),
('m0031005', 'a0031', '2022-11-11', 11, 74, 7, 'Risiko BB Lebih', 'Normal', 'Gizi Baik', NOW(), NOW()),
('m0031006', 'a0031', '2022-12-11', 11, 75, 8, 'Risiko BB Lebih', 'Normal', 'Gizi Baik', NOW(), NOW()),
('m0031007', 'a0031', '2023-01-11', 11, 76, 9, 'Risiko BB Lebih', 'Normal', 'Gizi Baik', NOW(), NOW()),
('m0031008', 'a0031', '2023-02-11', 11, 77, 10, 'Risiko BB Lebih', 'Normal', 'Gizi Baik', NOW(), NOW()),
('m0031009', 'a0031', '2023-03-11', 11, 77, 11, 'Risiko BB Lebih', 'Normal', 'Gizi Baik', NOW(), NOW()),
('m0031010', 'a0031', '2023-04-11', 11, 77, 12, 'Risiko BB Lebih', 'Normal', 'Gizi Baik', NOW(), NOW()),
('m0031011', 'a0031', '2023-05-11', 11, 78, 13, 'Normal', 'Normal', 'Gizi Baik', NOW(), NOW()),
('m0031012', 'a0031', '2023-06-11', 12, 78, 14, 'Risiko BB Lebih', 'Normal', 'Gizi Baik', NOW(), NOW()),
('m0031013', 'a0031', '2023-07-11', 12, 78, 15, 'Risiko BB Lebih', 'Normal', 'Gizi Baik', NOW(), NOW()),
('m0031014', 'a0031', '2023-09-11', 12, 80, 17, 'Risiko BB Lebih', 'Normal', 'Gizi Baik', NOW(), NOW()),
('m0031015', 'a0031', '2023-10-11', 13, 83, 18, 'Risiko BB Lebih', 'Normal', 'Gizi Baik', NOW(), NOW()),
('m0031016', 'a0031', '2023-11-11', 13, 85, 19, 'Risiko BB Lebih', 'Normal', 'Gizi Baik', NOW(), NOW()),
('m0031017', 'a0031', '2023-12-11', 14, 87, 20, 'Risiko BB Lebih', 'Normal', 'Gizi Lebih', NOW(), NOW()),
('m0031018', 'a0031', '2024-01-11', 14, 87, 21, 'Risiko BB Lebih', 'Normal', 'Gizi Lebih', NOW(), NOW()),
('m0031019', 'a0031', '2024-02-11', 14, 89, 22, 'Risiko BB Lebih', 'Normal', 'Gizi Baik', NOW(), NOW()),
('m0031020', 'a0031', '2024-03-11', 15, 90, 23, 'Risiko BB Lebih', 'Normal', 'Gizi Lebih', NOW(), NOW()),
('m0031021', 'a0031', '2024-06-11', 14, 96, 26, 'Normal', 'Normal', 'Gizi Baik', NOW(), NOW()),
('m0031022', 'a0031', '2024-07-11', 15, 96, 27, 'Risiko BB Lebih', 'Normal', 'Gizi Baik', NOW(), NOW()),
('m0031023', 'a0031', '2024-09-11', 16, 96, 29, 'Risiko BB Lebih', 'Normal', 'Gizi Baik', NOW(), NOW()),
('m0031024', 'a0031', '2024-10-11', 17, 96, 30, 'Risiko BB Lebih', 'Normal', 'Gizi Lebih', NOW(), NOW()),
('m0031025', 'a0031', '2024-11-11', 17, 96, 31, 'Risiko BB Lebih', 'Normal', 'Gizi Lebih', NOW(), NOW()),
('m0031026', 'a0031', '2024-12-11', 18, 97, 32, 'Risiko BB Lebih', 'Normal', 'Obesitas', NOW(), NOW()),
('m0031027', 'a0031', '2025-01-11', 19, 98, 33, 'Risiko BB Lebih', 'Normal', 'Gizi Lebih', NOW(), NOW()),
('m0031028', 'a0031', '2025-02-11', 19, 98, 34, 'Risiko BB Lebih', 'Normal', 'Gizi Lebih', NOW(), NOW()),
('m0031029', 'a0031', '2025-03-11', 18, 98, 35, 'Risiko BB Lebih', 'Normal', 'Gizi Lebih', NOW(), NOW()),
('m0031030', 'a0031', '2025-04-11', 19, 102, 36, 'Risiko BB Lebih', 'Normal', 'Gizi Lebih', NOW(), NOW()),
('m0032001', 'a0032', '2023-01-28', 9, 75, 17, 'Normal', 'Pendek', 'Gizi Baik', NOW(), NOW()),
('m0032002', 'a0032', '2023-02-28', 11, 80, 18, 'Normal', 'Normal', 'Gizi Baik', NOW(), NOW()),
('m0032003', 'a0032', '2023-05-28', 10, 80, 21, 'Normal', 'Normal', 'Gizi Baik', NOW(), NOW()),
('m0032004', 'a0032', '2023-06-28', 9, 80, 22, 'BB Kurang', 'Pendek', 'Gizi Kurang', NOW(), NOW()),
('m0032005', 'a0032', '2023-07-28', 10, 80, 23, 'Normal', 'Pendek', 'Gizi Baik', NOW(), NOW()),
('m0032006', 'a0032', '2023-08-28', 11, 80, 24, 'Normal', 'Pendek', 'Gizi Baik', NOW(), NOW()),
('m0032007', 'a0032', '2023-09-28', 10, 80, 25, 'Normal', 'Pendek', 'Gizi Baik', NOW(), NOW()),
('m0032008', 'a0032', '2023-10-28', 10, 83, 26, 'Normal', 'Normal', 'Gizi Baik', NOW(), NOW()),
('m0032009', 'a0032', '2023-12-28', 10, 85, 28, 'BB Kurang', 'Normal', 'Gizi Baik', NOW(), NOW()),
('m0032010', 'a0032', '2024-01-28', 11, 84, 29, 'Normal', 'Pendek', 'Gizi Baik', NOW(), NOW()),
('m0032011', 'a0032', '2024-02-28', 11, 85, 30, 'Normal', 'Pendek', 'Gizi Baik', NOW(), NOW()),
('m0032012', 'a0032', '2024-03-28', 11, 88, 31, 'Normal', 'Normal', 'Gizi Baik', NOW(), NOW()),
('m0032013', 'a0032', '2024-05-28', 12, 90, 33, 'Normal', 'Normal', 'Gizi Baik', NOW(), NOW()),
('m0032014', 'a0032', '2024-06-28', 11, 91, 34, 'BB Kurang', 'Normal', 'Gizi Baik', NOW(), NOW()),
('m0032015', 'a0032', '2024-07-28', 12, 91, 35, 'Normal', 'Normal', 'Gizi Baik', NOW(), NOW()),
('m0032016', 'a0032', '2024-08-28', 20, 91, 36, 'Risiko BB Lebih', 'Normal', 'Obesitas', NOW(), NOW()),
('m0032017', 'a0032', '2025-05-28', 14, 96, 45, 'Normal', 'Normal', 'Gizi Baik', NOW(), NOW()),
('m0032018', 'a0032', '2025-08-28', 14, 98, 48, 'Normal', 'Normal', 'Gizi Baik', NOW(), NOW()),
('m0032019', 'a0032', '2025-11-28', 14, 98, 51, 'Normal', 'Normal', 'Gizi Baik', NOW(), NOW()),
('m0033001', 'a0033', '2023-09-04', 11, 84, 25, 'Normal', 'Normal', 'Gizi Baik', NOW(), NOW()),
('m0033002', 'a0033', '2023-12-04', 14, 84, 28, 'Risiko BB Lebih', 'Normal', 'Gizi Lebih', NOW(), NOW()),
('m0033003', 'a0033', '2024-03-04', 14, 87, 31, 'Normal', 'Normal', 'Gizi Lebih', NOW(), NOW()),
('m0033004', 'a0033', '2024-04-04', 14, 88, 32, 'Normal', 'Normal', 'Gizi Baik', NOW(), NOW()),
('m0033005', 'a0033', '2024-06-04', 15, 88, 34, 'Normal', 'Normal', 'Gizi Lebih', NOW(), NOW()),
('m0033006', 'a0033', '2024-11-04', 15, 92, 39, 'Normal', 'Normal', 'Gizi Lebih', NOW(), NOW()),
('m0033007', 'a0033', '2025-11-04', 16, 97, 51, 'Normal', 'Normal', 'Gizi Baik', NOW(), NOW()),
('m0034001', 'a0034', '2023-01-21', 10, 82, 18, 'Normal', 'Normal', 'Gizi Baik', NOW(), NOW()),
('m0034002', 'a0034', '2023-03-21', 11, 77, 20, 'Normal', 'Normal', 'Gizi Lebih', NOW(), NOW()),
('m0034003', 'a0034', '2023-05-21', 11, 83, 22, 'Normal', 'Normal', 'Gizi Baik', NOW(), NOW()),
('m0034004', 'a0034', '2023-06-21', 11, 84, 23, 'Normal', 'Normal', 'Gizi Baik', NOW(), NOW()),
('m0034005', 'a0034', '2023-07-21', 11, 84, 24, 'Normal', 'Normal', 'Gizi Baik', NOW(), NOW()),
('m0034006', 'a0034', '2023-08-21', 12, 84, 25, 'Normal', 'Normal', 'Gizi Baik', NOW(), NOW()),
('m0034007', 'a0034', '2023-09-21', 12, 85, 26, 'Normal', 'Normal', 'Gizi Baik', NOW(), NOW()),
('m0034008', 'a0034', '2023-10-21', 13, 86, 27, 'Normal', 'Normal', 'Gizi Baik', NOW(), NOW()),
('m0034009', 'a0034', '2023-11-21', 14, 87, 28, 'Risiko BB Lebih', 'Normal', 'Gizi Lebih', NOW(), NOW()),
('m0034010', 'a0034', '2023-12-21', 14, 87, 29, 'Normal', 'Normal', 'Gizi Lebih', NOW(), NOW()),
('m0034011', 'a0034', '2024-02-21', 16, 90, 31, 'Risiko BB Lebih', 'Normal', 'Obesitas', NOW(), NOW()),
('m0034012', 'a0034', '2024-04-21', 16, 92, 33, 'Risiko BB Lebih', 'Normal', 'Obesitas', NOW(), NOW()),
('m0034013', 'a0034', '2024-06-21', 18, 95, 35, 'Risiko BB Lebih', 'Normal', 'Obesitas', NOW(), NOW()),
('m0034014', 'a0034', '2024-07-21', 18, 95, 36, 'Risiko BB Lebih', 'Normal', 'Obesitas', NOW(), NOW()),
('m0034015', 'a0034', '2024-10-21', 18, 96, 39, 'Risiko BB Lebih', 'Normal', 'Obesitas', NOW(), NOW()),
('m0034016', 'a0034', '2025-01-21', 18, 99, 42, 'Risiko BB Lebih', 'Normal', 'Gizi Lebih', NOW(), NOW()),
('m0034017', 'a0034', '2025-04-21', 19, 105, 45, 'Risiko BB Lebih', 'Normal', 'Gizi Baik', NOW(), NOW()),
('m0034018', 'a0034', '2025-07-21', 21, 106, 48, 'Risiko BB Lebih', 'Normal', 'Obesitas', NOW(), NOW()),
('m0035001', 'a0035', '2023-05-14', 11, 82, 22, 'Normal', 'Normal', 'Gizi Baik', NOW(), NOW()),
('m0035002', 'a0035', '2023-06-14', 12, 85, 23, 'Normal', 'Normal', 'Gizi Baik', NOW(), NOW()),
('m0035003', 'a0035', '2023-07-14', 11, 87, 24, 'Normal', 'Normal', 'Gizi Baik', NOW(), NOW()),
('m0035004', 'a0035', '2023-08-14', 12, 89, 25, 'Normal', 'Normal', 'Gizi Baik', NOW(), NOW()),
('m0035005', 'a0035', '2023-09-14', 12, 89, 26, 'Normal', 'Normal', 'Gizi Baik', NOW(), NOW()),
('m0035006', 'a0035', '2023-10-14', 12, 91, 27, 'Normal', 'Normal', 'Gizi Baik', NOW(), NOW()),
('m0035007', 'a0035', '2024-02-14', 13, 85, 31, 'Normal', 'Pendek', 'Gizi Baik', NOW(), NOW()),
('m0035008', 'a0035', '2024-04-14', 12, 93, 33, 'Normal', 'Normal', 'Gizi Baik', NOW(), NOW()),
('m0035009', 'a0035', '2024-05-14', 13, 94, 34, 'Normal', 'Normal', 'Gizi Baik', NOW(), NOW()),
('m0035010', 'a0035', '2024-06-14', 13, 94, 35, 'Normal', 'Normal', 'Gizi Baik', NOW(), NOW()),
('m0035011', 'a0035', '2025-04-14', 14, 101, 45, 'Normal', 'Normal', 'Gizi Baik', NOW(), NOW()),
('m0036001', 'a0036', '2023-08-12', 4, 54, 1, 'Normal', 'Normal', 'Gizi Baik', NOW(), NOW()),
('m0036002', 'a0036', '2023-09-12', 5, 56, 2, 'Normal', 'Normal', 'Gizi Baik', NOW(), NOW()),
('m0036003', 'a0036', '2023-10-12', 6, 60, 3, 'Normal', 'Normal', 'Gizi Baik', NOW(), NOW()),
('m0036004', 'a0036', '2023-11-12', 7, 62, 4, 'Normal', 'Normal', 'Obesitas', NOW(), NOW()),
('m0036005', 'a0036', '2023-12-12', 7, 68, 5, 'Normal', 'Normal', 'Gizi Baik', NOW(), NOW()),
('m0036006', 'a0036', '2024-02-12', 7, 69, 7, 'Normal', 'Normal', 'Gizi Baik', NOW(), NOW()),
('m0036007', 'a0036', '2024-04-12', 8, 71, 9, 'Normal', 'Normal', 'Gizi Baik', NOW(), NOW()),
('m0036008', 'a0036', '2024-05-12', 8, 72, 10, 'Normal', 'Normal', 'Gizi Baik', NOW(), NOW()),
('m0036009', 'a0036', '2024-06-12', 9, 76, 11, 'Normal', 'Normal', 'Gizi Baik', NOW(), NOW()),
('m0036010', 'a0036', '2024-07-12', 9, 76, 12, 'Normal', 'Normal', 'Gizi Baik', NOW(), NOW()),
('m0036011', 'a0036', '2024-08-12', 10, 78, 13, 'Normal', 'Normal', 'Gizi Baik', NOW(), NOW()),
('m0036012', 'a0036', '2024-09-12', 11, 80, 14, 'Risiko BB Lebih', 'Normal', 'Gizi Baik', NOW(), NOW()),
('m0036013', 'a0036', '2024-10-12', 10, 77, 15, 'Normal', 'Normal', 'Gizi Baik', NOW(), NOW()),
('m0036014', 'a0036', '2024-11-12', 10, 77, 16, 'Normal', 'Normal', 'Gizi Baik', NOW(), NOW()),
('m0036015', 'a0036', '2024-12-12', 11, 81, 17, 'Normal', 'Normal', 'Gizi Baik', NOW(), NOW()),
('m0036016', 'a0036', '2025-01-12', 12, 80, 18, 'Risiko BB Lebih', 'Normal', 'Gizi Lebih', NOW(), NOW()),
('m0036017', 'a0036', '2025-02-12', 13, 85, 19, 'Risiko BB Lebih', 'Normal', 'Gizi Baik', NOW(), NOW()),
('m0036018', 'a0036', '2025-07-12', 13, 88, 24, 'Normal', 'Normal', 'Gizi Baik', NOW(), NOW()),
('m0036019', 'a0036', '2025-11-12', 15, 89, 28, 'Risiko BB Lebih', 'Normal', 'Gizi Lebih', NOW(), NOW()),
('m0036020', 'a0036', '2025-12-12', 16, 91, 29, 'Risiko BB Lebih', 'Normal', 'Obesitas', NOW(), NOW()),
('m0037001', 'a0037', '2024-08-13', 5, 58, 2, 'Normal', 'Normal', 'Gizi Baik', NOW(), NOW()),
('m0037002', 'a0037', '2024-09-13', 6, 60, 3, 'Normal', 'Normal', 'Gizi Baik', NOW(), NOW()),
('m0037003', 'a0037', '2025-02-13', 8, 66, 8, 'Normal', 'Normal', 'Gizi Lebih', NOW(), NOW()),
('m0037004', 'a0037', '2025-06-13', 9, 72, 12, 'Normal', 'Normal', 'Gizi Baik', NOW(), NOW()),
('m0037005', 'a0037', '2025-07-13', 10, 76, 13, 'Normal', 'Normal', 'Gizi Baik', NOW(), NOW()),
('m0037006', 'a0037', '2025-12-13', 10, 75, 18, 'Normal', 'Normal', 'Gizi Baik', NOW(), NOW()),
('m0038001', 'a0038', '2024-02-15', 11, 83, 21, 'Normal', 'Normal', 'Gizi Baik', NOW(), NOW()),
('m0038002', 'a0038', '2024-03-15', 11, 83, 22, 'Normal', 'Normal', 'Gizi Baik', NOW(), NOW()),
('m0038003', 'a0038', '2024-05-15', 14, 84, 24, 'Risiko BB Lebih', 'Normal', 'Gizi Lebih', NOW(), NOW()),
('m0038004', 'a0038', '2024-07-15', 12, 87, 26, 'Normal', 'Normal', 'Gizi Baik', NOW(), NOW()),
('m0038005', 'a0038', '2025-01-15', 12, 89, 32, 'Normal', 'Normal', 'Gizi Baik', NOW(), NOW()),
('m0038006', 'a0038', '2025-02-15', 12, 91, 33, 'Normal', 'Normal', 'Gizi Baik', NOW(), NOW()),
('m0038007', 'a0038', '2025-04-15', 13, 92, 35, 'Normal', 'Normal', 'Gizi Baik', NOW(), NOW()),
('m0038008', 'a0038', '2025-11-15', 14, 96, 42, 'Normal', 'Normal', 'Gizi Baik', NOW(), NOW()),
('m0039001', 'a0039', '2022-12-25', 6, 65, 5, 'Normal', 'Normal', 'Gizi Baik', NOW(), NOW()),
('m0039002', 'a0039', '2023-01-25', 7, 68, 6, 'Normal', 'Normal', 'Gizi Baik', NOW(), NOW()),
('m0039003', 'a0039', '2023-02-25', 7, 68, 7, 'Normal', 'Normal', 'Gizi Baik', NOW(), NOW()),
('m0039004', 'a0039', '2023-04-25', 7, 71, 9, 'Normal', 'Normal', 'Gizi Baik', NOW(), NOW()),
('m0039005', 'a0039', '2023-05-25', 7, 71, 10, 'Normal', 'Normal', 'Gizi Baik', NOW(), NOW()),
('m0039006', 'a0039', '2023-06-25', 7, 72, 11, 'Normal', 'Normal', 'Gizi Baik', NOW(), NOW()),
('m0039007', 'a0039', '2023-07-25', 7, 72, 12, 'BB Kurang', 'Normal', 'Gizi Baik', NOW(), NOW()),
('m0039008', 'a0039', '2023-09-25', 7, 72, 14, 'BB Kurang', 'Normal', 'Gizi Baik', NOW(), NOW()),
('m0039009', 'a0039', '2023-11-25', 7, 75, 16, 'BB Kurang', 'Normal', 'Gizi Kurang', NOW(), NOW()),
('m0039010', 'a0039', '2023-12-25', 9, 75, 17, 'Normal', 'Normal', 'Gizi Baik', NOW(), NOW()),
('m0039011', 'a0039', '2024-01-25', 8, 73, 18, 'BB Kurang', 'Pendek', 'Gizi Kurang', NOW(), NOW()),
('m0039012', 'a0039', '2024-02-25', 8, 73, 19, 'BB Kurang', 'Pendek', 'Gizi Kurang', NOW(), NOW()),
('m0039013', 'a0039', '2024-04-25', 9, 75, 21, 'Normal', 'Pendek', 'Gizi Baik', NOW(), NOW()),
('m0039014', 'a0039', '2024-05-25', 8, 75, 22, 'BB Kurang', 'Sangat Pendek', 'Gizi Kurang', NOW(), NOW()),
('m0039015', 'a0039', '2024-06-25', 9, 75, 23, 'Normal', 'Sangat Pendek', 'Gizi Baik', NOW(), NOW()),
('m0039016', 'a0039', '2024-07-25', 8, 75, 24, 'BB Sangat Kurang', 'Sangat Pendek', 'Gizi Kurang', NOW(), NOW()),
('m0039017', 'a0039', '2024-08-25', 9, 77, 25, 'BB Kurang', 'Pendek', 'Gizi Kurang', NOW(), NOW()),
('m0039018', 'a0039', '2024-09-25', 8, 77, 26, 'BB Sangat Kurang', 'Sangat Pendek', 'Gizi Kurang', NOW(), NOW()),
('m0039019', 'a0039', '2024-10-25', 9, 82, 27, 'BB Kurang', 'Normal', 'Gizi Baik', NOW(), NOW()),
('m0039020', 'a0039', '2024-11-25', 9, 82, 28, 'BB Kurang', 'Pendek', 'Gizi Kurang', NOW(), NOW()),
('m0039021', 'a0039', '2024-12-25', 9, 83, 29, 'BB Kurang', 'Normal', 'Gizi Kurang', NOW(), NOW()),
('m0039022', 'a0039', '2025-01-25', 10, 84, 30, 'Normal', 'Normal', 'Gizi Baik', NOW(), NOW()),
('m0039023', 'a0039', '2025-02-25', 10, 85, 31, 'BB Kurang', 'Normal', 'Gizi Baik', NOW(), NOW()),
('m0039024', 'a0039', '2025-03-25', 10, 89, 32, 'BB Kurang', 'Normal', 'Gizi Kurang', NOW(), NOW()),
('m0039025', 'a0039', '2025-05-25', 10, 89, 34, 'BB Kurang', 'Normal', 'Gizi Kurang', NOW(), NOW());
